<?xml version="1.0" encoding="UTF-8"?>
<alto xmlns:xsi="http://www.w3.org/2001/XMLSchema-instance" xsi:noNamespaceSchemaLocation="http://www.bl.uk/schemas/alto/alto-1-4.xsd" xmlns:xlink="http://www.w3.org/1999/xlink">
	<Description>
		<MeasurementUnit>mm10</MeasurementUnit>
		<sourceImageInformation>
			<fileName>//head1/IN/A0010219301/007776.jp2</fileName>
		</sourceImageInformation>
		<OCRProcessing ID="OCRPROCESSING_1">
			<preProcessingStep>
				<processingSoftware>
					<softwareCreator>CCS Content Conversion Specialists GmbH, Germany</softwareCreator>
					<softwareName>CCS docWORKS</softwareName>
					<softwareVersion>6.1-0.54</softwareVersion>
				</processingSoftware>
			</preProcessingStep>
			<ocrProcessingStep>
				<processingSoftware>
					<softwareCreator>ABBYY (BIT Software), Russia</softwareCreator>
					<softwareName>Finereader</softwareName>
				</processingSoftware>
			</ocrProcessingStep>
		</OCRProcessing>
	</Description>
	<Styles>
		<TextStyle ID="TXT_0" FONTSIZE="10" FONTFAMILY="Courier New"/>
		<TextStyle ID="TXT_1" FONTSIZE="11" FONTFAMILY="Courier New"/>
		<ParagraphStyle ID="PAR_RIGHT" ALIGN="Right"/>
		<ParagraphStyle ID="PAR_LEFT" ALIGN="Left"/>
	</Styles>
	<Layout>
		<Page ID="P54" PHYSICAL_IMG_NR="54" HEIGHT="2267" WIDTH="1634" PRINTED_IMG_NR="48" POSITION="Left" ACCURACY="71.27">
			<TopMargin ID="P54_TM00001" HPOS="0" VPOS="0" WIDTH="1634" HEIGHT="183">
				<TextBlock ID="P54_TB00001" HPOS="733" VPOS="138" WIDTH="329" HEIGHT="31" STYLEREFS="TXT_0 PAR_RIGHT">
					<TextLine ID="P54_TL00001" HPOS="733" VPOS="140" WIDTH="329" HEIGHT="29">
						<String ID="P54_ST00001" HPOS="733" VPOS="140" WIDTH="329" HEIGHT="29" CONTENT="SPRING." WC="0.42" CC="3878660"/>
					</TextLine>
				</TextBlock>
				<TextBlock ID="P54_TB00002" HPOS="287" VPOS="148" WIDTH="36" HEIGHT="32" STYLEREFS="TXT_1 PAR_LEFT">
					<TextLine ID="P54_TL00002" HPOS="321" VPOS="175" WIDTH="2" HEIGHT="5">
						<String ID="P54_ST00002" HPOS="321" VPOS="175" WIDTH="2" HEIGHT="5" CONTENT="48" WC="1.00" CC="00"/>
					</TextLine>
				</TextBlock>
			</TopMargin>
			<LeftMargin ID="P54_LM00001" HPOS="0" VPOS="183" WIDTH="261" HEIGHT="1881"/>
			<RightMargin ID="P54_RM00001" HPOS="1458" VPOS="183" WIDTH="176" HEIGHT="1881"/>
			<BottomMargin ID="P54_BM00001" HPOS="0" VPOS="2064" WIDTH="1634" HEIGHT="203">
				<TextBlock ID="P54_TB00003" HPOS="1410" VPOS="2091" WIDTH="75" HEIGHT="36" STYLEREFS="TXT_0 PAR_RIGHT">
					<TextLine ID="P54_TL00003" HPOS="1411" VPOS="2091" WIDTH="74" HEIGHT="36">
						<String ID="P54_ST00003" HPOS="1411" VPOS="2091" WIDTH="74" HEIGHT="36" CONTENT="The" WC="0.37" CC="477"/>
					</TextLine>
				</TextBlock>
			</BottomMargin>
			<PrintSpace ID="P54_PS00001" HPOS="261" VPOS="183" WIDTH="1197" HEIGHT="1881">
				<TextBlock ID="P54_TB00004" HPOS="290" VPOS="217" WIDTH="726" HEIGHT="42" STYLEREFS="TXT_0 PAR_LEFT">
					<TextLine ID="P54_TL00004" HPOS="290" VPOS="217" WIDTH="726" HEIGHT="42">
						<String ID="P54_ST00004" HPOS="290" VPOS="226" WIDTH="64" HEIGHT="33" CONTENT="But" WC="0.35" CC="657"/>
						<SP ID="P54_SP00001" HPOS="354" VPOS="259" WIDTH="16"/>
						<String ID="P54_ST00005" HPOS="370" VPOS="237" WIDTH="75" HEIGHT="21" CONTENT="new" WC="0.53" CC="642"/>
						<SP ID="P54_SP00002" HPOS="445" VPOS="259" WIDTH="15"/>
						<String ID="P54_ST00006" HPOS="460" VPOS="222" WIDTH="162" HEIGHT="34" CONTENT="emotions" WC="0.75" CC="02103470"/>
						<SP ID="P54_SP00003" HPOS="622" VPOS="259" WIDTH="18"/>
						<String ID="P54_ST00007" HPOS="640" VPOS="221" WIDTH="34" HEIGHT="34" CONTENT="in" WC="0.35" CC="65"/>
						<SP ID="P54_SP00004" HPOS="674" VPOS="259" WIDTH="17"/>
						<String ID="P54_ST00008" HPOS="691" VPOS="219" WIDTH="84" HEIGHT="36" CONTENT="their" WC="0.69" CC="05026"/>
						<SP ID="P54_SP00005" HPOS="775" VPOS="259" WIDTH="15"/>
						<String ID="P54_ST00009" HPOS="790" VPOS="218" WIDTH="119" HEIGHT="34" CONTENT="breasts" WC="0.69" CC="6067000"/>
						<SP ID="P54_SP00006" HPOS="909" VPOS="259" WIDTH="16"/>
						<String ID="P54_ST00010" HPOS="925" VPOS="217" WIDTH="91" HEIGHT="39" CONTENT="arise," WC="0.66" CC="257004"/>
					</TextLine>
				</TextBlock>
				<TextBlock ID="P54_TB00005" HPOS="278" VPOS="282" WIDTH="988" HEIGHT="383" STYLEREFS="TXT_0 PAR_LEFT">
					<TextLine ID="P54_TL00005" HPOS="288" VPOS="283" WIDTH="846" HEIGHT="53">
						<String ID="P54_ST00011" HPOS="288" VPOS="293" WIDTH="48" HEIGHT="31" CONTENT="As" WC="0.97" CC="00"/>
						<SP ID="P54_SP00007" HPOS="336" VPOS="324" WIDTH="18"/>
						<String ID="P54_ST00012" HPOS="354" VPOS="289" WIDTH="142" HEIGHT="47" CONTENT="paleness" WC="0.63" CC="58602060"/>
						<SP ID="P54_SP00008" HPOS="496" VPOS="336" WIDTH="18"/>
						<String ID="P54_ST00013" HPOS="514" VPOS="289" WIDTH="86" HEIGHT="33" CONTENT="dims" WC="0.62" CC="6620"/>
						<SP ID="P54_SP00009" HPOS="600" VPOS="336" WIDTH="18"/>
						<String ID="P54_ST00014" HPOS="618" VPOS="287" WIDTH="54" HEIGHT="34" CONTENT="the" WC="0.62" CC="370"/>
						<SP ID="P54_SP00010" HPOS="672" VPOS="336" WIDTH="19"/>
						<String ID="P54_ST00015" HPOS="691" VPOS="286" WIDTH="71" HEIGHT="39" CONTENT="fun," WC="0.63" CC="4054"/>
						<SP ID="P54_SP00011" HPOS="762" VPOS="336" WIDTH="25"/>
						<String ID="P54_ST00016" HPOS="787" VPOS="285" WIDTH="65" HEIGHT="34" CONTENT="and" WC="0.53" CC="670"/>
						<SP ID="P54_SP00012" HPOS="852" VPOS="336" WIDTH="16"/>
						<String ID="P54_ST00017" HPOS="868" VPOS="285" WIDTH="80" HEIGHT="34" CONTENT="veils" WC="0.79" CC="00450"/>
						<SP ID="P54_SP00013" HPOS="948" VPOS="336" WIDTH="19"/>
						<String ID="P54_ST00018" HPOS="967" VPOS="284" WIDTH="54" HEIGHT="33" CONTENT="the" WC="0.75" CC="240"/>
						<SP ID="P54_SP00014" HPOS="1021" VPOS="336" WIDTH="17"/>
						<String ID="P54_ST00019" HPOS="1038" VPOS="283" WIDTH="96" HEIGHT="35" CONTENT="ikies." WC="0.33" CC="877185"/>
					</TextLine>
					<TextLine ID="P54_TL00006" HPOS="285" VPOS="349" WIDTH="858" HEIGHT="52">
						<String ID="P54_ST00020" HPOS="285" VPOS="357" WIDTH="149" HEIGHT="44" CONTENT="Leaving" WC="0.52" CC="6456603"/>
						<SP ID="P54_SP00015" HPOS="434" VPOS="401" WIDTH="17"/>
						<String ID="P54_ST00021" HPOS="451" VPOS="355" WIDTH="54" HEIGHT="33" CONTENT="the" WC="0.91" CC="020"/>
						<SP ID="P54_SP00016" HPOS="505" VPOS="401" WIDTH="17"/>
						<String ID="P54_ST00022" HPOS="522" VPOS="355" WIDTH="143" HEIGHT="33" CONTENT="crimson" WC="0.80" CC="0301430"/>
						<SP ID="P54_SP00017" HPOS="665" VPOS="401" WIDTH="17"/>
						<String ID="P54_ST00023" HPOS="682" VPOS="354" WIDTH="77" HEIGHT="40" CONTENT="east," WC="0.73" CC="07006"/>
						<SP ID="P54_SP00018" HPOS="759" VPOS="401" WIDTH="27"/>
						<String ID="P54_ST00024" HPOS="786" VPOS="352" WIDTH="71" HEIGHT="34" CONTENT="that" WC="0.50" CC="0476"/>
						<SP ID="P54_SP00019" HPOS="857" VPOS="401" WIDTH="17"/>
						<String ID="P54_ST00025" HPOS="874" VPOS="353" WIDTH="90" HEIGHT="33" CONTENT="star's" WC="0.82" CC="001170"/>
						<SP ID="P54_SP00020" HPOS="964" VPOS="401" WIDTH="17"/>
						<String ID="P54_ST00026" HPOS="981" VPOS="351" WIDTH="60" HEIGHT="35" CONTENT="fair" WC="0.38" CC="1777"/>
						<SP ID="P54_SP00021" HPOS="1041" VPOS="401" WIDTH="17"/>
						<String ID="P54_ST00027" HPOS="1058" VPOS="349" WIDTH="85" HEIGHT="46" CONTENT="light" WC="0.52" CC="45067"/>
					</TextLine>
					<TextLine ID="P54_TL00007" HPOS="283" VPOS="419" WIDTH="716" HEIGHT="48">
						<String ID="P54_ST00028" HPOS="283" VPOS="425" WIDTH="33" HEIGHT="31" CONTENT="A" WC="0.75" CC="2"/>
						<SP ID="P54_SP00022" HPOS="316" VPOS="456" WIDTH="18"/>
						<String ID="P54_ST00029" HPOS="334" VPOS="434" WIDTH="123" HEIGHT="33" CONTENT="vapour" WC="0.65" CC="276004"/>
						<SP ID="P54_SP00023" HPOS="457" VPOS="467" WIDTH="16"/>
						<String ID="P54_ST00030" HPOS="473" VPOS="421" WIDTH="73" HEIGHT="34" CONTENT="thin" WC="0.62" CC="0734"/>
						<SP ID="P54_SP00024" HPOS="546" VPOS="467" WIDTH="16"/>
						<String ID="P54_ST00031" HPOS="562" VPOS="421" WIDTH="144" HEIGHT="34" CONTENT="invested" WC="0.75" CC="67000005"/>
						<SP ID="P54_SP00025" HPOS="706" VPOS="467" WIDTH="18"/>
						<String ID="P54_ST00032" HPOS="724" VPOS="421" WIDTH="88" HEIGHT="34" CONTENT="from" WC="0.66" CC="5511"/>
						<SP ID="P54_SP00026" HPOS="812" VPOS="467" WIDTH="18"/>
						<String ID="P54_ST00033" HPOS="830" VPOS="420" WIDTH="54" HEIGHT="34" CONTENT="the" WC="0.62" CC="640"/>
						<SP ID="P54_SP00027" HPOS="884" VPOS="467" WIDTH="17"/>
						<String ID="P54_ST00034" HPOS="901" VPOS="419" WIDTH="98" HEIGHT="46" CONTENT="sight," WC="0.79" CC="000443"/>
					</TextLine>
					<TextLine ID="P54_TL00008" HPOS="280" VPOS="484" WIDTH="813" HEIGHT="49">
						<String ID="P54_ST00035" HPOS="280" VPOS="487" WIDTH="126" HEIGHT="34" CONTENT="Which" WC="0.70" CC="06106"/>
						<SP ID="P54_SP00028" HPOS="406" VPOS="521" WIDTH="17"/>
						<String ID="P54_ST00036" HPOS="423" VPOS="488" WIDTH="67" HEIGHT="33" CONTENT="rose" WC="0.83" CC="6000"/>
						<SP ID="P54_SP00029" HPOS="490" VPOS="521" WIDTH="17"/>
						<String ID="P54_ST00037" HPOS="507" VPOS="488" WIDTH="93" HEIGHT="38" CONTENT="aloft," WC="0.54" CC="230766"/>
						<SP ID="P54_SP00030" HPOS="600" VPOS="526" WIDTH="26"/>
						<String ID="P54_ST00038" HPOS="626" VPOS="488" WIDTH="155" HEIGHT="45" CONTENT="possess'd" WC="0.75" CC="540004060"/>
						<SP ID="P54_SP00031" HPOS="781" VPOS="533" WIDTH="20"/>
						<String ID="P54_ST00039" HPOS="801" VPOS="487" WIDTH="56" HEIGHT="33" CONTENT="the" WC="0.66" CC="540"/>
						<SP ID="P54_SP00032" HPOS="857" VPOS="533" WIDTH="15"/>
						<String ID="P54_ST00040" HPOS="872" VPOS="484" WIDTH="221" HEIGHT="47" CONTENT="hemisphere," WC="0.63" CC="60155510625"/>
					</TextLine>
					<TextLine ID="P54_TL00009" HPOS="279" VPOS="551" WIDTH="987" HEIGHT="47">
						<String ID="P54_ST00041" HPOS="279" VPOS="553" WIDTH="79" HEIGHT="33" CONTENT="And" WC="0.68" CC="070"/>
						<SP ID="P54_SP00033" HPOS="358" VPOS="586" WIDTH="18"/>
						<String ID="P54_ST00042" HPOS="376" VPOS="553" WIDTH="152" HEIGHT="34" CONTENT="darkness" WC="0.71" CC="38004050"/>
						<SP ID="P54_SP00034" HPOS="528" VPOS="587" WIDTH="18"/>
						<String ID="P54_ST00043" HPOS="546" VPOS="554" WIDTH="193" HEIGHT="38" CONTENT="threaten'd," WC="0.57" CC="53006708741"/>
						<SP ID="P54_SP00035" HPOS="739" VPOS="592" WIDTH="27"/>
						<String ID="P54_ST00044" HPOS="766" VPOS="553" WIDTH="132" HEIGHT="45" CONTENT="though" WC="0.84" CC="030015"/>
						<SP ID="P54_SP00036" HPOS="898" VPOS="598" WIDTH="16"/>
						<String ID="P54_ST00045" HPOS="914" VPOS="565" WIDTH="44" HEIGHT="20" CONTENT="no" WC="0.70" CC="50"/>
						<SP ID="P54_SP00037" HPOS="958" VPOS="598" WIDTH="14"/>
						<String ID="P54_ST00046" HPOS="972" VPOS="551" WIDTH="103" HEIGHT="33" CONTENT="storm" WC="0.85" CC="00006"/>
						<SP ID="P54_SP00038" HPOS="1075" VPOS="598" WIDTH="17"/>
						<String ID="P54_ST00047" HPOS="1092" VPOS="559" WIDTH="69" HEIGHT="23" CONTENT="was" WC="0.95" CC="010"/>
						<SP ID="P54_SP00039" HPOS="1161" VPOS="598" WIDTH="18"/>
						<String ID="P54_ST00048" HPOS="1179" VPOS="559" WIDTH="87" HEIGHT="23" CONTENT="near." WC="0.29" CC="78864"/>
					</TextLine>
					<TextLine ID="P54_TL00010" HPOS="279" VPOS="618" WIDTH="842" HEIGHT="47">
						<String ID="P54_ST00049" HPOS="279" VPOS="619" WIDTH="76" HEIGHT="33" CONTENT="The" WC="0.67" CC="630"/>
						<SP ID="P54_SP00040" HPOS="355" VPOS="652" WIDTH="16"/>
						<String ID="P54_ST00050" HPOS="371" VPOS="621" WIDTH="153" HEIGHT="32" CONTENT="willow's" WC="0.62" CC="65540070"/>
						<SP ID="P54_SP00041" HPOS="524" VPOS="653" WIDTH="19"/>
						<String ID="P54_ST00051" HPOS="543" VPOS="621" WIDTH="134" HEIGHT="33" CONTENT="verdure" WC="0.95" CC="0000020"/>
						<SP ID="P54_SP00042" HPOS="677" VPOS="654" WIDTH="18"/>
						<String ID="P54_ST00052" HPOS="695" VPOS="619" WIDTH="113" HEIGHT="46" CONTENT="spread" WC="0.69" CC="570040"/>
						<SP ID="P54_SP00043" HPOS="808" VPOS="665" WIDTH="18"/>
						<String ID="P54_ST00053" HPOS="826" VPOS="631" WIDTH="17" HEIGHT="21" CONTENT="a" WC="0.39" CC="6"/>
						<SP ID="P54_SP00044" HPOS="843" VPOS="665" WIDTH="16"/>
						<String ID="P54_ST00054" HPOS="859" VPOS="619" WIDTH="99" HEIGHT="34" CONTENT="shade" WC="0.75" CC="83000"/>
						<SP ID="P54_SP00045" HPOS="958" VPOS="665" WIDTH="17"/>
						<String ID="P54_ST00055" HPOS="975" VPOS="618" WIDTH="122" HEIGHT="37" CONTENT="serene," WC="0.72" CC="2028005"/>
						<SP ID="P54_SP00046" HPOS="1097" VPOS="665" WIDTH="21"/>
						<String ID="P54_ST00056" HPOS="1118" VPOS="651" WIDTH="3" HEIGHT="5" CONTENT="," WC="0.30" CC="6"/>
					</TextLine>
				</TextBlock>
				<TextBlock ID="P54_TB00006" HPOS="273" VPOS="684" WIDTH="867" HEIGHT="302" STYLEREFS="TXT_0 PAR_LEFT">
					<TextLine ID="P54_TL00011" HPOS="278" VPOS="685" WIDTH="757" HEIGHT="47">
						<String ID="P54_ST00057" HPOS="278" VPOS="686" WIDTH="75" HEIGHT="34" CONTENT="The" WC="0.46" CC="555"/>
						<SP ID="P54_SP00047" HPOS="353" VPOS="720" WIDTH="16"/>
						<String ID="P54_ST00058" HPOS="369" VPOS="687" WIDTH="104" HEIGHT="45" CONTENT="pliant" WC="0.70" CC="444040"/>
						<SP ID="P54_SP00048" HPOS="473" VPOS="732" WIDTH="16"/>
						<String ID="P54_ST00059" HPOS="489" VPOS="687" WIDTH="75" HEIGHT="33" CONTENT="reed" WC="1.00" CC="0000"/>
						<SP ID="P54_SP00049" HPOS="564" VPOS="732" WIDTH="18"/>
						<String ID="P54_ST00060" HPOS="582" VPOS="696" WIDTH="34" HEIGHT="24" CONTENT="to" WC="0.94" CC="10"/>
						<SP ID="P54_SP00050" HPOS="616" VPOS="732" WIDTH="17"/>
						<String ID="P54_ST00061" HPOS="633" VPOS="686" WIDTH="139" HEIGHT="34" CONTENT="tremble" WC="0.80" CC="0000454"/>
						<SP ID="P54_SP00051" HPOS="772" VPOS="732" WIDTH="17"/>
						<String ID="P54_ST00062" HPOS="789" VPOS="698" WIDTH="66" HEIGHT="22" CONTENT="was" WC="0.80" CC="050"/>
						<SP ID="P54_SP00052" HPOS="855" VPOS="732" WIDTH="19"/>
						<String ID="P54_ST00063" HPOS="874" VPOS="694" WIDTH="57" HEIGHT="25" CONTENT="not" WC="0.66" CC="405"/>
						<SP ID="P54_SP00053" HPOS="931" VPOS="732" WIDTH="17"/>
						<String ID="P54_ST00064" HPOS="948" VPOS="685" WIDTH="87" HEIGHT="38" CONTENT="seen," WC="0.87" CC="00033"/>
					</TextLine>
					<TextLine ID="P54_TL00012" HPOS="277" VPOS="751" WIDTH="863" HEIGHT="50">
						<String ID="P54_ST00065" HPOS="277" VPOS="753" WIDTH="100" HEIGHT="34" CONTENT="None" WC="0.83" CC="2040"/>
						<SP ID="P54_SP00054" HPOS="377" VPOS="787" WIDTH="14"/>
						<String ID="P54_ST00066" HPOS="391" VPOS="764" WIDTH="55" HEIGHT="37" CONTENT="yet" WC="0.84" CC="400"/>
						<SP ID="P54_SP00055" HPOS="446" VPOS="801" WIDTH="17"/>
						<String ID="P54_ST00067" HPOS="463" VPOS="755" WIDTH="65" HEIGHT="33" CONTENT="had" WC="0.73" CC="250"/>
						<SP ID="P54_SP00056" HPOS="528" VPOS="801" WIDTH="16"/>
						<String ID="P54_ST00068" HPOS="544" VPOS="754" WIDTH="99" HEIGHT="34" CONTENT="heard" WC="0.55" CC="60526"/>
						<SP ID="P54_SP00057" HPOS="643" VPOS="801" WIDTH="17"/>
						<String ID="P54_ST00069" HPOS="660" VPOS="753" WIDTH="56" HEIGHT="33" CONTENT="the" WC="1.00" CC="000"/>
						<SP ID="P54_SP00058" HPOS="716" VPOS="801" WIDTH="16"/>
						<String ID="P54_ST00070" HPOS="732" VPOS="753" WIDTH="93" HEIGHT="34" CONTENT="howl" WC="0.63" CC="5233"/>
						<SP ID="P54_SP00059" HPOS="825" VPOS="801" WIDTH="16"/>
						<String ID="P54_ST00071" HPOS="841" VPOS="753" WIDTH="180" HEIGHT="45" CONTENT="predictive" WC="0.93" CC="5000100000"/>
						<SP ID="P54_SP00060" HPOS="1021" VPOS="801" WIDTH="17"/>
						<String ID="P54_ST00072" HPOS="1038" VPOS="751" WIDTH="102" HEIGHT="37" CONTENT="blow," WC="0.45" CC="15784"/>
					</TextLine>
					<TextLine ID="P54_TL00013" HPOS="275" VPOS="818" WIDTH="780" HEIGHT="49">
						<String ID="P54_ST00073" HPOS="275" VPOS="819" WIDTH="76" HEIGHT="34" CONTENT="The" WC="0.60" CC="650"/>
						<SP ID="P54_SP00061" HPOS="351" VPOS="853" WIDTH="18"/>
						<String ID="P54_ST00074" HPOS="369" VPOS="820" WIDTH="97" HEIGHT="47" CONTENT="sheep" WC="0.45" CC="87406"/>
						<SP ID="P54_SP00062" HPOS="466" VPOS="867" WIDTH="17"/>
						<String ID="P54_ST00075" HPOS="483" VPOS="820" WIDTH="116" HEIGHT="34" CONTENT="desir'd" WC="0.85" CC="2000070"/>
						<SP ID="P54_SP00063" HPOS="599" VPOS="867" WIDTH="17"/>
						<String ID="P54_ST00076" HPOS="616" VPOS="829" WIDTH="58" HEIGHT="24" CONTENT="not" WC="0.91" CC="002"/>
						<SP ID="P54_SP00064" HPOS="674" VPOS="867" WIDTH="18"/>
						<String ID="P54_ST00077" HPOS="692" VPOS="819" WIDTH="166" HEIGHT="33" CONTENT="meadows" WC="0.87" CC="0151000"/>
						<SP ID="P54_SP00065" HPOS="858" VPOS="867" WIDTH="18"/>
						<String ID="P54_ST00078" HPOS="876" VPOS="828" WIDTH="33" HEIGHT="24" CONTENT="to" WC="0.78" CC="12"/>
						<SP ID="P54_SP00066" HPOS="909" VPOS="867" WIDTH="16"/>
						<String ID="P54_ST00079" HPOS="925" VPOS="818" WIDTH="130" HEIGHT="45" CONTENT="forego," WC="0.81" CC="0000056"/>
					</TextLine>
					<TextLine ID="P54_TL00014" HPOS="274" VPOS="886" WIDTH="787" HEIGHT="37">
						<String ID="P54_ST00080" HPOS="274" VPOS="887" WIDTH="77" HEIGHT="33" CONTENT="The" WC="0.57" CC="750"/>
						<SP ID="P54_SP00067" HPOS="351" VPOS="920" WIDTH="14"/>
						<String ID="P54_ST00081" HPOS="365" VPOS="887" WIDTH="268" HEIGHT="33" CONTENT="voice-offended" WC="0.83" CC="30000403215000"/>
						<SP ID="P54_SP00068" HPOS="633" VPOS="920" WIDTH="16"/>
						<String ID="P54_ST00082" HPOS="649" VPOS="886" WIDTH="100" HEIGHT="34" CONTENT="bird's" WC="0.65" CC="061470"/>
						<SP ID="P54_SP00069" HPOS="749" VPOS="920" WIDTH="17"/>
						<String ID="P54_ST00083" HPOS="766" VPOS="886" WIDTH="187" HEIGHT="33" CONTENT="melodious" WC="0.83" CC="005602000"/>
						<SP ID="P54_SP00070" HPOS="953" VPOS="920" WIDTH="17"/>
						<String ID="P54_ST00084" HPOS="970" VPOS="892" WIDTH="91" HEIGHT="31" CONTENT="note," WC="0.63" CC="13427"/>
					</TextLine>
					<TextLine ID="P54_TL00015" HPOS="274" VPOS="952" WIDTH="721" HEIGHT="34">
						<String ID="P54_ST00085" HPOS="274" VPOS="953" WIDTH="105" HEIGHT="33" CONTENT="From" WC="0.56" CC="2554"/>
						<SP ID="P54_SP00071" HPOS="379" VPOS="986" WIDTH="16"/>
						<String ID="P54_ST00086" HPOS="395" VPOS="953" WIDTH="119" HEIGHT="33" CONTENT="bushes" WC="0.77" CC="222600"/>
						<SP ID="P54_SP00072" HPOS="514" VPOS="986" WIDTH="17"/>
						<String ID="P54_ST00087" HPOS="531" VPOS="954" WIDTH="36" HEIGHT="32" CONTENT="in" WC="0.54" CC="35"/>
						<SP ID="P54_SP00073" HPOS="567" VPOS="986" WIDTH="16"/>
						<String ID="P54_ST00088" HPOS="583" VPOS="952" WIDTH="55" HEIGHT="34" CONTENT="the" WC="1.00" CC="000"/>
						<SP ID="P54_SP00074" HPOS="638" VPOS="986" WIDTH="17"/>
						<String ID="P54_ST00089" HPOS="655" VPOS="954" WIDTH="46" HEIGHT="32" CONTENT="air" WC="0.80" CC="410"/>
						<SP ID="P54_SP00075" HPOS="701" VPOS="986" WIDTH="16"/>
						<String ID="P54_ST00090" HPOS="717" VPOS="965" WIDTH="68" HEIGHT="21" CONTENT="was" WC="0.86" CC="040"/>
						<SP ID="P54_SP00076" HPOS="785" VPOS="986" WIDTH="18"/>
						<String ID="P54_ST00091" HPOS="803" VPOS="952" WIDTH="64" HEIGHT="33" CONTENT="still" WC="0.96" CC="00010"/>
						<SP ID="P54_SP00077" HPOS="867" VPOS="986" WIDTH="18"/>
						<String ID="P54_ST00092" HPOS="885" VPOS="952" WIDTH="110" HEIGHT="33" CONTENT="afloat." WC="0.89" CC="0000600"/>
					</TextLine>
				</TextBlock>
				<TextBlock ID="P54_TB00007" HPOS="270" VPOS="1016" WIDTH="889" HEIGHT="181" STYLEREFS="TXT_0 PAR_LEFT">
					<TextLine ID="P54_TL00016" HPOS="320" VPOS="1016" WIDTH="839" HEIGHT="42">
						<String ID="P54_ST00093" HPOS="320" VPOS="1020" WIDTH="76" HEIGHT="34" CONTENT="The" WC="0.70" CC="430"/>
						<SP ID="P54_SP00078" HPOS="396" VPOS="1054" WIDTH="16"/>
						<String ID="P54_ST00094" HPOS="412" VPOS="1022" WIDTH="99" HEIGHT="32" CONTENT="cloud" WC="0.72" CC="37100"/>
						<SP ID="P54_SP00079" HPOS="511" VPOS="1054" WIDTH="17"/>
						<String ID="P54_ST00095" HPOS="528" VPOS="1021" WIDTH="165" HEIGHT="37" CONTENT="descends," WC="0.72" CC="501135006"/>
						<SP ID="P54_SP00080" HPOS="693" VPOS="1058" WIDTH="25"/>
						<String ID="P54_ST00096" HPOS="718" VPOS="1020" WIDTH="64" HEIGHT="33" CONTENT="and" WC="0.65" CC="280"/>
						<SP ID="P54_SP00081" HPOS="782" VPOS="1058" WIDTH="16"/>
						<String ID="P54_ST00097" HPOS="798" VPOS="1020" WIDTH="67" HEIGHT="33" CONTENT="o'er" WC="0.57" CC="3706"/>
						<SP ID="P54_SP00082" HPOS="865" VPOS="1058" WIDTH="16"/>
						<String ID="P54_ST00098" HPOS="881" VPOS="1018" WIDTH="55" HEIGHT="33" CONTENT="the" WC="0.81" CC="050"/>
						<SP ID="P54_SP00083" HPOS="936" VPOS="1058" WIDTH="18"/>
						<String ID="P54_ST00099" HPOS="954" VPOS="1018" WIDTH="93" HEIGHT="33" CONTENT="silent" WC="0.86" CC="000240"/>
						<SP ID="P54_SP00084" HPOS="1047" VPOS="1058" WIDTH="17"/>
						<String ID="P54_ST00100" HPOS="1064" VPOS="1016" WIDTH="95" HEIGHT="35" CONTENT="fields" WC="0.40" CC="660687"/>
					</TextLine>
					<TextLine ID="P54_TL00017" HPOS="273" VPOS="1084" WIDTH="764" HEIGHT="48">
						<String ID="P54_ST00101" HPOS="273" VPOS="1086" WIDTH="75" HEIGHT="33" CONTENT="The" WC="0.53" CC="760"/>
						<SP ID="P54_SP00085" HPOS="348" VPOS="1119" WIDTH="16"/>
						<String ID="P54_ST00102" HPOS="364" VPOS="1087" WIDTH="108" HEIGHT="45" CONTENT="gentle" WC="0.92" CC="000040"/>
						<SP ID="P54_SP00086" HPOS="472" VPOS="1132" WIDTH="16"/>
						<String ID="P54_ST00103" HPOS="488" VPOS="1087" WIDTH="73" HEIGHT="33" CONTENT="dew" WC="0.76" CC="051"/>
						<SP ID="P54_SP00087" HPOS="561" VPOS="1132" WIDTH="17"/>
						<String ID="P54_ST00104" HPOS="578" VPOS="1088" WIDTH="42" HEIGHT="32" CONTENT="its" WC="0.88" CC="300"/>
						<SP ID="P54_SP00088" HPOS="620" VPOS="1132" WIDTH="18"/>
						<String ID="P54_ST00105" HPOS="638" VPOS="1086" WIDTH="108" HEIGHT="46" CONTENT="genial" WC="0.80" CC="002044"/>
						<SP ID="P54_SP00089" HPOS="746" VPOS="1132" WIDTH="18"/>
						<String ID="P54_ST00106" HPOS="764" VPOS="1085" WIDTH="139" HEIGHT="35" CONTENT="treasure" WC="0.90" CC="00003040"/>
						<SP ID="P54_SP00090" HPOS="903" VPOS="1132" WIDTH="16"/>
						<String ID="P54_ST00107" HPOS="919" VPOS="1084" WIDTH="118" HEIGHT="47" CONTENT="yields." WC="0.83" CC="6301000"/>
					</TextLine>
					<TextLine ID="P54_TL00018" HPOS="270" VPOS="1151" WIDTH="737" HEIGHT="46">
						<String ID="P54_ST00108" HPOS="270" VPOS="1153" WIDTH="46" HEIGHT="33" CONTENT="Its" WC="0.72" CC="070"/>
						<SP ID="P54_SP00091" HPOS="316" VPOS="1186" WIDTH="17"/>
						<String ID="P54_ST00109" HPOS="333" VPOS="1151" WIDTH="57" HEIGHT="34" CONTENT="fall" WC="0.50" CC="4662"/>
						<SP ID="P54_SP00092" HPOS="390" VPOS="1186" WIDTH="16"/>
						<String ID="P54_ST00110" HPOS="406" VPOS="1165" WIDTH="90" HEIGHT="32" CONTENT="upon" WC="0.54" CC="6704"/>
						<SP ID="P54_SP00093" HPOS="496" VPOS="1197" WIDTH="16"/>
						<String ID="P54_ST00111" HPOS="512" VPOS="1165" WIDTH="59" HEIGHT="21" CONTENT="our" WC="0.94" CC="001"/>
						<SP ID="P54_SP00094" HPOS="571" VPOS="1197" WIDTH="16"/>
						<String ID="P54_ST00112" HPOS="587" VPOS="1153" WIDTH="132" HEIGHT="33" CONTENT="streams" WC="0.82" CC="0038000"/>
						<SP ID="P54_SP00095" HPOS="719" VPOS="1197" WIDTH="19"/>
						<String ID="P54_ST00113" HPOS="738" VPOS="1153" WIDTH="15" HEIGHT="32" CONTENT="I" WC="0.92" CC="0"/>
						<SP ID="P54_SP00096" HPOS="753" VPOS="1197" WIDTH="18"/>
						<String ID="P54_ST00114" HPOS="771" VPOS="1161" WIDTH="120" HEIGHT="24" CONTENT="cannot" WC="0.71" CC="037600"/>
						<SP ID="P54_SP00097" HPOS="891" VPOS="1197" WIDTH="17"/>
						<String ID="P54_ST00115" HPOS="908" VPOS="1161" WIDTH="99" HEIGHT="28" CONTENT="trace," WC="0.75" CC="035006"/>
					</TextLine>
				</TextBlock>
				<TextBlock ID="P54_TB00008" HPOS="267" VPOS="1217" WIDTH="904" HEIGHT="312" STYLEREFS="TXT_0 PAR_LEFT">
					<TextLine ID="P54_TL00019" HPOS="269" VPOS="1217" WIDTH="711" HEIGHT="47">
						<String ID="P54_ST00116" HPOS="269" VPOS="1218" WIDTH="60" HEIGHT="33" CONTENT="No" WC="0.95" CC="00"/>
						<SP ID="P54_SP00098" HPOS="329" VPOS="1251" WIDTH="17"/>
						<String ID="P54_ST00117" HPOS="346" VPOS="1219" WIDTH="160" HEIGHT="45" CONTENT="doubling" WC="0.82" CC="00005440"/>
						<SP ID="P54_SP00099" HPOS="506" VPOS="1264" WIDTH="13"/>
						<String ID="P54_ST00118" HPOS="519" VPOS="1220" WIDTH="113" HEIGHT="33" CONTENT="circles" WC="0.80" CC="1000460"/>
						<SP ID="P54_SP00100" HPOS="632" VPOS="1264" WIDTH="16"/>
						<String ID="P54_ST00119" HPOS="648" VPOS="1220" WIDTH="118" HEIGHT="44" CONTENT="agitate" WC="0.72" CC="2082600"/>
						<SP ID="P54_SP00101" HPOS="766" VPOS="1264" WIDTH="17"/>
						<String ID="P54_ST00120" HPOS="783" VPOS="1218" WIDTH="87" HEIGHT="33" CONTENT="their" WC="0.65" CC="00448"/>
						<SP ID="P54_SP00102" HPOS="870" VPOS="1264" WIDTH="16"/>
						<String ID="P54_ST00121" HPOS="886" VPOS="1217" WIDTH="69" HEIGHT="34" CONTENT="face" WC="0.65" CC="3450"/>
						<SP ID="P54_SP00103" HPOS="955" VPOS="1264" WIDTH="13"/>
						<String ID="P54_ST00122" HPOS="968" VPOS="1233" WIDTH="12" HEIGHT="22" CONTENT=";" WC="0.16" CC="8"/>
					</TextLine>
					<TextLine ID="P54_TL00020" HPOS="270" VPOS="1283" WIDTH="776" HEIGHT="47">
						<String ID="P54_ST00123" HPOS="270" VPOS="1284" WIDTH="111" HEIGHT="32" CONTENT="Scarce" WC="0.83" CC="022202"/>
						<SP ID="P54_SP00104" HPOS="381" VPOS="1316" WIDTH="17"/>
						<String ID="P54_ST00124" HPOS="398" VPOS="1284" WIDTH="35" HEIGHT="32" CONTENT="in" WC="0.40" CC="55"/>
						<SP ID="P54_SP00105" HPOS="433" VPOS="1316" WIDTH="18"/>
						<String ID="P54_ST00125" HPOS="451" VPOS="1283" WIDTH="54" HEIGHT="33" CONTENT="the" WC="0.75" CC="060"/>
						<SP ID="P54_SP00106" HPOS="505" VPOS="1316" WIDTH="16"/>
						<String ID="P54_ST00126" HPOS="521" VPOS="1285" WIDTH="109" HEIGHT="45" CONTENT="lonely" WC="0.60" CC="402177"/>
						<SP ID="P54_SP00107" HPOS="630" VPOS="1330" WIDTH="18"/>
						<String ID="P54_ST00127" HPOS="648" VPOS="1284" WIDTH="99" HEIGHT="33" CONTENT="wood" WC="0.77" CC="0332"/>
						<SP ID="P54_SP00108" HPOS="747" VPOS="1330" WIDTH="18"/>
						<String ID="P54_ST00128" HPOS="765" VPOS="1285" WIDTH="13" HEIGHT="32" CONTENT="I" WC="0.95" CC="0"/>
						<SP ID="P54_SP00109" HPOS="778" VPOS="1330" WIDTH="17"/>
						<String ID="P54_ST00129" HPOS="795" VPOS="1283" WIDTH="76" HEIGHT="34" CONTENT="hear" WC="0.83" CC="3020"/>
						<SP ID="P54_SP00110" HPOS="871" VPOS="1330" WIDTH="16"/>
						<String ID="P54_ST00130" HPOS="887" VPOS="1285" WIDTH="25" HEIGHT="32" CONTENT="it" WC="0.61" CC="16"/>
						<SP ID="P54_SP00111" HPOS="912" VPOS="1330" WIDTH="16"/>
						<String ID="P54_ST00131" HPOS="928" VPOS="1283" WIDTH="118" HEIGHT="38" CONTENT="sound," WC="0.70" CC="003517"/>
					</TextLine>
					<TextLine ID="P54_TL00021" HPOS="270" VPOS="1349" WIDTH="871" HEIGHT="47">
						<String ID="P54_ST00132" HPOS="270" VPOS="1349" WIDTH="103" HEIGHT="33" CONTENT="From" WC="1.00" CC="0000"/>
						<SP ID="P54_SP00112" HPOS="373" VPOS="1382" WIDTH="16"/>
						<String ID="P54_ST00133" HPOS="389" VPOS="1349" WIDTH="68" HEIGHT="33" CONTENT="leaf" WC="0.53" CC="5462"/>
						<SP ID="P54_SP00113" HPOS="457" VPOS="1382" WIDTH="20"/>
						<String ID="P54_ST00134" HPOS="477" VPOS="1359" WIDTH="34" HEIGHT="23" CONTENT="to" WC="1.00" CC="00"/>
						<SP ID="P54_SP00114" HPOS="511" VPOS="1382" WIDTH="16"/>
						<String ID="P54_ST00135" HPOS="527" VPOS="1349" WIDTH="69" HEIGHT="33" CONTENT="leaf" WC="0.70" CC="4052"/>
						<SP ID="P54_SP00115" HPOS="596" VPOS="1382" WIDTH="19"/>
						<String ID="P54_ST00136" HPOS="615" VPOS="1350" WIDTH="64" HEIGHT="32" CONTENT="still" WC="0.79" CC="00045"/>
						<SP ID="P54_SP00116" HPOS="679" VPOS="1382" WIDTH="16"/>
						<String ID="P54_ST00137" HPOS="695" VPOS="1349" WIDTH="168" HEIGHT="47" CONTENT="dropping" WC="0.68" CC="10077260"/>
						<SP ID="P54_SP00117" HPOS="863" VPOS="1396" WIDTH="14"/>
						<String ID="P54_ST00138" HPOS="877" VPOS="1359" WIDTH="34" HEIGHT="24" CONTENT="to" WC="0.96" CC="00"/>
						<SP ID="P54_SP00118" HPOS="911" VPOS="1396" WIDTH="17"/>
						<String ID="P54_ST00139" HPOS="928" VPOS="1350" WIDTH="56" HEIGHT="33" CONTENT="the" WC="1.00" CC="000"/>
						<SP ID="P54_SP00119" HPOS="984" VPOS="1396" WIDTH="15"/>
						<String ID="P54_ST00140" HPOS="999" VPOS="1349" WIDTH="142" HEIGHT="47" CONTENT="ground." WC="0.76" CC="0070403"/>
					</TextLine>
					<TextLine ID="P54_TL00022" HPOS="268" VPOS="1415" WIDTH="847" HEIGHT="48">
						<String ID="P54_ST00141" HPOS="268" VPOS="1415" WIDTH="72" HEIGHT="33" CONTENT="Till" WC="0.56" CC="6126"/>
						<SP ID="P54_SP00120" HPOS="340" VPOS="1448" WIDTH="16"/>
						<String ID="P54_ST00142" HPOS="356" VPOS="1415" WIDTH="83" HEIGHT="33" CONTENT="close" WC="0.98" CC="01000"/>
						<SP ID="P54_SP00121" HPOS="439" VPOS="1448" WIDTH="17"/>
						<String ID="P54_ST00143" HPOS="456" VPOS="1415" WIDTH="41" HEIGHT="33" CONTENT="of" WC="0.74" CC="05"/>
						<SP ID="P54_SP00122" HPOS="497" VPOS="1448" WIDTH="20"/>
						<String ID="P54_ST00144" HPOS="517" VPOS="1415" WIDTH="61" HEIGHT="45" CONTENT="day" WC="0.53" CC="544"/>
						<SP ID="P54_SP00123" HPOS="578" VPOS="1460" WIDTH="17"/>
						<String ID="P54_ST00145" HPOS="595" VPOS="1415" WIDTH="54" HEIGHT="34" CONTENT="the" WC="0.82" CC="230"/>
						<SP ID="P54_SP00124" HPOS="649" VPOS="1460" WIDTH="17"/>
						<String ID="P54_ST00146" HPOS="666" VPOS="1416" WIDTH="142" HEIGHT="46" CONTENT="grateful" WC="0.83" CC="00430103"/>
						<SP ID="P54_SP00125" HPOS="808" VPOS="1462" WIDTH="16"/>
						<String ID="P54_ST00147" HPOS="824" VPOS="1418" WIDTH="156" HEIGHT="33" CONTENT="moisture" WC="0.93" CC="10300000"/>
						<SP ID="P54_SP00126" HPOS="980" VPOS="1462" WIDTH="16"/>
						<String ID="P54_ST00148" HPOS="996" VPOS="1417" WIDTH="119" HEIGHT="46" CONTENT="glides," WC="0.76" CC="0350106"/>
					</TextLine>
					<TextLine ID="P54_TL00023" HPOS="268" VPOS="1482" WIDTH="903" HEIGHT="47">
						<String ID="P54_ST00149" HPOS="268" VPOS="1482" WIDTH="113" HEIGHT="33" CONTENT="While" WC="0.82" CC="00530"/>
						<SP ID="P54_SP00127" HPOS="381" VPOS="1515" WIDTH="17"/>
						<String ID="P54_ST00150" HPOS="398" VPOS="1482" WIDTH="159" HEIGHT="33" CONTENT="freshness" WC="0.62" CC="862372030"/>
						<SP ID="P54_SP00128" HPOS="557" VPOS="1515" WIDTH="18"/>
						<String ID="P54_ST00151" HPOS="575" VPOS="1483" WIDTH="68" HEIGHT="33" CONTENT="o'er" WC="0.70" CC="0703"/>
						<SP ID="P54_SP00129" HPOS="643" VPOS="1516" WIDTH="16"/>
						<String ID="P54_ST00152" HPOS="659" VPOS="1483" WIDTH="49" HEIGHT="33" CONTENT="th'" WC="0.46" CC="447"/>
						<SP ID="P54_SP00130" HPOS="708" VPOS="1516" WIDTH="15"/>
						<String ID="P54_ST00153" HPOS="723" VPOS="1485" WIDTH="166" HEIGHT="32" CONTENT="enliven'd" WC="0.69" CC="044100772"/>
						<SP ID="P54_SP00131" HPOS="889" VPOS="1517" WIDTH="19"/>
						<String ID="P54_ST00154" HPOS="908" VPOS="1484" WIDTH="93" HEIGHT="34" CONTENT="fields" WC="0.64" CC="446500"/>
						<SP ID="P54_SP00132" HPOS="1001" VPOS="1518" WIDTH="17"/>
						<String ID="P54_ST00155" HPOS="1018" VPOS="1483" WIDTH="153" HEIGHT="46" CONTENT="presides." WC="0.62" CC="640880005"/>
					</TextLine>
				</TextBlock>
				<TextBlock ID="P54_TB00009" HPOS="266" VPOS="1547" WIDTH="991" HEIGHT="116" STYLEREFS="TXT_0 PAR_LEFT">
					<TextLine ID="P54_TL00024" HPOS="313" VPOS="1548" WIDTH="944" HEIGHT="48">
						<String ID="P54_ST00156" HPOS="313" VPOS="1548" WIDTH="77" HEIGHT="33" CONTENT="The" WC="0.64" CC="541"/>
						<SP ID="P54_SP00133" HPOS="390" VPOS="1581" WIDTH="16"/>
						<String ID="P54_ST00157" HPOS="406" VPOS="1549" WIDTH="70" HEIGHT="38" CONTENT="fun," WC="0.73" CC="3006"/>
						<SP ID="P54_SP00134" HPOS="476" VPOS="1587" WIDTH="27"/>
						<String ID="P54_ST00158" HPOS="503" VPOS="1548" WIDTH="129" HEIGHT="47" CONTENT="though" WC="0.64" CC="752004"/>
						<SP ID="P54_SP00135" HPOS="632" VPOS="1595" WIDTH="17"/>
						<String ID="P54_ST00159" HPOS="649" VPOS="1549" WIDTH="131" HEIGHT="47" CONTENT="setting," WC="0.72" CC="30006416"/>
						<SP ID="P54_SP00136" HPOS="780" VPOS="1596" WIDTH="27"/>
						<String ID="P54_ST00160" HPOS="807" VPOS="1551" WIDTH="85" HEIGHT="45" CONTENT="gilds" WC="0.77" CC="06130"/>
						<SP ID="P54_SP00137" HPOS="892" VPOS="1596" WIDTH="19"/>
						<String ID="P54_ST00161" HPOS="911" VPOS="1564" WIDTH="62" HEIGHT="21" CONTENT="our" WC="0.94" CC="100"/>
						<SP ID="P54_SP00138" HPOS="973" VPOS="1596" WIDTH="16"/>
						<String ID="P54_ST00162" HPOS="989" VPOS="1551" WIDTH="153" HEIGHT="35" CONTENT="favour'd" WC="0.67" CC="26036070"/>
						<SP ID="P54_SP00139" HPOS="1142" VPOS="1596" WIDTH="15"/>
						<String ID="P54_ST00163" HPOS="1157" VPOS="1550" WIDTH="100" HEIGHT="40" CONTENT="coast," WC="0.72" CC="504007"/>
					</TextLine>
					<TextLine ID="P54_TL00025" HPOS="267" VPOS="1614" WIDTH="790" HEIGHT="49">
						<String ID="P54_ST00164" HPOS="267" VPOS="1614" WIDTH="79" HEIGHT="33" CONTENT="And" WC="0.74" CC="070"/>
						<SP ID="P54_SP00140" HPOS="346" VPOS="1647" WIDTH="17"/>
						<String ID="P54_ST00165" HPOS="363" VPOS="1614" WIDTH="95" HEIGHT="34" CONTENT="skirts" WC="0.56" CC="645161"/>
						<SP ID="P54_SP00141" HPOS="458" VPOS="1648" WIDTH="20"/>
						<String ID="P54_ST00166" HPOS="478" VPOS="1614" WIDTH="83" HEIGHT="34" CONTENT="with" WC="0.81" CC="0600"/>
						<SP ID="P54_SP00142" HPOS="561" VPOS="1648" WIDTH="17"/>
						<String ID="P54_ST00167" HPOS="578" VPOS="1616" WIDTH="105" HEIGHT="33" CONTENT="rubies" WC="0.87" CC="013100"/>
						<SP ID="P54_SP00143" HPOS="683" VPOS="1649" WIDTH="19"/>
						<String ID="P54_ST00168" HPOS="702" VPOS="1617" WIDTH="41" HEIGHT="32" CONTENT="all" WC="0.74" CC="160"/>
						<SP ID="P54_SP00144" HPOS="743" VPOS="1649" WIDTH="18"/>
						<String ID="P54_ST00169" HPOS="761" VPOS="1615" WIDTH="54" HEIGHT="35" CONTENT="the" WC="0.89" CC="021"/>
						<SP ID="P54_SP00145" HPOS="815" VPOS="1650" WIDTH="17"/>
						<String ID="P54_ST00170" HPOS="832" VPOS="1618" WIDTH="122" HEIGHT="45" CONTENT="cloudy" WC="0.72" CC="240025"/>
						<SP ID="P54_SP00146" HPOS="954" VPOS="1663" WIDTH="17"/>
						<String ID="P54_ST00171" HPOS="971" VPOS="1617" WIDTH="86" HEIGHT="35" CONTENT="host." WC="0.94" CC="00002"/>
					</TextLine>
				</TextBlock>
				<TextBlock ID="P54_TB00010" HPOS="263" VPOS="1678" WIDTH="844" HEIGHT="253" STYLEREFS="TXT_0 PAR_LEFT">
					<TextLine ID="P54_TL00026" HPOS="265" VPOS="1679" WIDTH="787" HEIGHT="51">
						<String ID="P54_ST00172" HPOS="265" VPOS="1679" WIDTH="75" HEIGHT="34" CONTENT="The" WC="0.55" CC="534"/>
						<SP ID="P54_SP00147" HPOS="340" VPOS="1713" WIDTH="17"/>
						<String ID="P54_ST00173" HPOS="357" VPOS="1680" WIDTH="164" HEIGHT="34" CONTENT="meadows" WC="0.80" CC="0073200"/>
						<SP ID="P54_SP00148" HPOS="521" VPOS="1714" WIDTH="17"/>
						<String ID="P54_ST00174" HPOS="538" VPOS="1681" WIDTH="129" HEIGHT="45" CONTENT="glisten," WC="0.66" CC="64600035"/>
						<SP ID="P54_SP00149" HPOS="667" VPOS="1726" WIDTH="27"/>
						<String ID="P54_ST00175" HPOS="694" VPOS="1682" WIDTH="64" HEIGHT="33" CONTENT="and" WC="0.89" CC="002"/>
						<SP ID="P54_SP00150" HPOS="758" VPOS="1726" WIDTH="19"/>
						<String ID="P54_ST00176" HPOS="777" VPOS="1695" WIDTH="19" HEIGHT="21" CONTENT="a" WC="0.83" CC="1"/>
						<SP ID="P54_SP00151" HPOS="796" VPOS="1726" WIDTH="17"/>
						<String ID="P54_ST00177" HPOS="813" VPOS="1683" WIDTH="96" HEIGHT="34" CONTENT="circle" WC="0.93" CC="000040"/>
						<SP ID="P54_SP00152" HPOS="909" VPOS="1726" WIDTH="17"/>
						<String ID="P54_ST00178" HPOS="926" VPOS="1683" WIDTH="126" HEIGHT="47" CONTENT="bright," WC="0.72" CC="4020450"/>
					</TextLine>
					<TextLine ID="P54_TL00027" HPOS="264" VPOS="1746" WIDTH="843" HEIGHT="45">
						<String ID="P54_ST00179" HPOS="264" VPOS="1747" WIDTH="42" HEIGHT="32" CONTENT="In" WC="0.52" CC="53"/>
						<SP ID="P54_SP00153" HPOS="306" VPOS="1779" WIDTH="17"/>
						<String ID="P54_ST00180" HPOS="323" VPOS="1746" WIDTH="116" HEIGHT="34" CONTENT="humid" WC="0.59" CC="52353"/>
						<SP ID="P54_SP00154" HPOS="439" VPOS="1780" WIDTH="17"/>
						<String ID="P54_ST00181" HPOS="456" VPOS="1748" WIDTH="57" HEIGHT="38" CONTENT="air," WC="0.54" CC="6244"/>
						<SP ID="P54_SP00155" HPOS="513" VPOS="1786" WIDTH="27"/>
						<String ID="P54_ST00182" HPOS="540" VPOS="1748" WIDTH="112" HEIGHT="34" CONTENT="would" WC="0.93" CC="00110"/>
						<SP ID="P54_SP00156" HPOS="652" VPOS="1786" WIDTH="17"/>
						<String ID="P54_ST00183" HPOS="669" VPOS="1748" WIDTH="119" HEIGHT="35" CONTENT="heav'n" WC="0.72" CC="006071"/>
						<SP ID="P54_SP00157" HPOS="788" VPOS="1786" WIDTH="16"/>
						<String ID="P54_ST00184" HPOS="804" VPOS="1750" WIDTH="65" HEIGHT="34" CONTENT="and" WC="0.76" CC="060"/>
						<SP ID="P54_SP00158" HPOS="869" VPOS="1786" WIDTH="16"/>
						<String ID="P54_ST00185" HPOS="885" VPOS="1751" WIDTH="91" HEIGHT="34" CONTENT="earth" WC="0.85" CC="06100"/>
						<SP ID="P54_SP00159" HPOS="976" VPOS="1786" WIDTH="16"/>
						<String ID="P54_ST00186" HPOS="992" VPOS="1752" WIDTH="91" HEIGHT="33" CONTENT="unite" WC="0.84" CC="05100"/>
						<SP ID="P54_SP00160" HPOS="1083" VPOS="1786" WIDTH="14"/>
						<String ID="P54_ST00187" HPOS="1097" VPOS="1768" WIDTH="10" HEIGHT="23" CONTENT=";" WC="0.16" CC="8"/>
					</TextLine>
					<TextLine ID="P54_TL00028" HPOS="264" VPOS="1813" WIDTH="737" HEIGHT="50">
						<String ID="P54_ST00188" HPOS="264" VPOS="1813" WIDTH="65" HEIGHT="33" CONTENT="But" WC="0.50" CC="706"/>
						<SP ID="P54_SP00161" HPOS="329" VPOS="1846" WIDTH="17"/>
						<String ID="P54_ST00189" HPOS="346" VPOS="1813" WIDTH="79" HEIGHT="33" CONTENT="soon" WC="0.87" CC="0005"/>
						<SP ID="P54_SP00162" HPOS="425" VPOS="1846" WIDTH="18"/>
						<String ID="P54_ST00190" HPOS="443" VPOS="1813" WIDTH="54" HEIGHT="34" CONTENT="the" WC="0.95" CC="100"/>
						<SP ID="P54_SP00163" HPOS="497" VPOS="1847" WIDTH="17"/>
						<String ID="P54_ST00191" HPOS="514" VPOS="1815" WIDTH="110" HEIGHT="47" CONTENT="gaudy" WC="0.55" CC="74036"/>
						<SP ID="P54_SP00164" HPOS="624" VPOS="1862" WIDTH="16"/>
						<String ID="P54_ST00192" HPOS="640" VPOS="1824" WIDTH="127" HEIGHT="26" CONTENT="meteor" WC="1.00" CC="000000"/>
						<SP ID="P54_SP00165" HPOS="767" VPOS="1862" WIDTH="15"/>
						<String ID="P54_ST00193" HPOS="782" VPOS="1815" WIDTH="92" HEIGHT="36" CONTENT="fades" WC="0.99" CC="00000"/>
						<SP ID="P54_SP00166" HPOS="874" VPOS="1862" WIDTH="18"/>
						<String ID="P54_ST00194" HPOS="892" VPOS="1829" WIDTH="109" HEIGHT="34" CONTENT="away," WC="0.61" CC="20654"/>
					</TextLine>
					<TextLine ID="P54_TL00029" HPOS="263" VPOS="1878" WIDTH="742" HEIGHT="53">
						<String ID="P54_ST00195" HPOS="263" VPOS="1878" WIDTH="76" HEIGHT="34" CONTENT="The" WC="0.46" CC="753"/>
						<SP ID="P54_SP00167" HPOS="339" VPOS="1912" WIDTH="17"/>
						<String ID="P54_ST00196" HPOS="356" VPOS="1891" WIDTH="139" HEIGHT="34" CONTENT="vapours" WC="0.80" CC="0363000"/>
						<SP ID="P54_SP00168" HPOS="495" VPOS="1925" WIDTH="17"/>
						<String ID="P54_ST00197" HPOS="512" VPOS="1880" WIDTH="118" HEIGHT="48" CONTENT="falling" WC="0.53" CC="0866640"/>
						<SP ID="P54_SP00169" HPOS="630" VPOS="1928" WIDTH="15"/>
						<String ID="P54_ST00198" HPOS="645" VPOS="1882" WIDTH="84" HEIGHT="34" CONTENT="with" WC="0.79" CC="0033"/>
						<SP ID="P54_SP00170" HPOS="729" VPOS="1928" WIDTH="16"/>
						<String ID="P54_ST00199" HPOS="745" VPOS="1883" WIDTH="169" HEIGHT="47" CONTENT="declining" WC="0.80" CC="300504011"/>
						<SP ID="P54_SP00171" HPOS="914" VPOS="1930" WIDTH="16"/>
						<String ID="P54_ST00200" HPOS="930" VPOS="1885" WIDTH="75" HEIGHT="46" CONTENT="day." WC="0.57" CC="4075"/>
					</TextLine>
				</TextBlock>
				<TextBlock ID="P54_TB00011" HPOS="261" VPOS="1944" WIDTH="1037" HEIGHT="120" STYLEREFS="TXT_0 PAR_LEFT">
					<TextLine ID="P54_TL00030" HPOS="308" VPOS="1945" WIDTH="990" HEIGHT="53">
						<String ID="P54_ST00201" HPOS="308" VPOS="1945" WIDTH="125" HEIGHT="46" CONTENT="Night," WC="0.65" CC="501066"/>
						<SP ID="P54_SP00172" HPOS="433" VPOS="1991" WIDTH="26"/>
						<String ID="P54_ST00202" HPOS="459" VPOS="1958" WIDTH="113" HEIGHT="23" CONTENT="crown" WC="0.94" CC="00003"/>
						<String ID="P54_ST00203" HPOS="576" VPOS="1948" WIDTH="29" HEIGHT="33" CONTENT="'d" WC="0.36" CC="75"/>
						<SP ID="P54_SP00173" HPOS="605" VPOS="1991" WIDTH="19"/>
						<String ID="P54_ST00204" HPOS="624" VPOS="1949" WIDTH="82" HEIGHT="35" CONTENT="with" WC="0.64" CC="0723"/>
						<SP ID="P54_SP00174" HPOS="706" VPOS="1991" WIDTH="18"/>
						<String ID="P54_ST00205" HPOS="724" VPOS="1950" WIDTH="91" HEIGHT="40" CONTENT="stars," WC="0.89" CC="002004"/>
						<SP ID="P54_SP00175" HPOS="815" VPOS="1991" WIDTH="24"/>
						<String ID="P54_ST00206" HPOS="839" VPOS="1962" WIDTH="93" HEIGHT="34" CONTENT="upon" WC="0.66" CC="5700"/>
						<SP ID="P54_SP00176" HPOS="932" VPOS="1996" WIDTH="16"/>
						<String ID="P54_ST00207" HPOS="948" VPOS="1951" WIDTH="59" HEIGHT="33" CONTENT="her" WC="0.88" CC="300"/>
						<SP ID="P54_SP00177" HPOS="1007" VPOS="1996" WIDTH="16"/>
						<String ID="P54_ST00208" HPOS="1023" VPOS="1951" WIDTH="128" HEIGHT="47" CONTENT="faphire" WC="0.55" CC="4855050"/>
						<SP ID="P54_SP00178" HPOS="1151" VPOS="1998" WIDTH="19"/>
						<String ID="P54_ST00209" HPOS="1170" VPOS="1953" WIDTH="128" HEIGHT="42" CONTENT="throne," WC="0.79" CC="1040107"/>
					</TextLine>
					<TextLine ID="P54_TL00031" HPOS="262" VPOS="2012" WIDTH="879" HEIGHT="52">
						<String ID="P54_ST00210" HPOS="262" VPOS="2012" WIDTH="78" HEIGHT="34" CONTENT="Bids" WC="0.48" CC="6670"/>
						<SP ID="P54_SP00179" HPOS="340" VPOS="2046" WIDTH="15"/>
						<String ID="P54_ST00211" HPOS="355" VPOS="2012" WIDTH="114" HEIGHT="36" CONTENT="labour" WC="0.66" CC="672120"/>
						<SP ID="P54_SP00180" HPOS="469" VPOS="2048" WIDTH="15"/>
						<String ID="P54_ST00212" HPOS="484" VPOS="2013" WIDTH="119" HEIGHT="48" CONTENT="pause,," WC="0.72" CC="7030025"/>
						<SP ID="P54_SP00181" HPOS="603" VPOS="2061" WIDTH="17"/>
						<String ID="P54_ST00213" HPOS="620" VPOS="2017" WIDTH="63" HEIGHT="34" CONTENT="and" WC="0.70" CC="440"/>
						<SP ID="P54_SP00182" HPOS="683" VPOS="2061" WIDTH="17"/>
						<String ID="P54_ST00214" HPOS="700" VPOS="2015" WIDTH="98" HEIGHT="37" CONTENT="sweet" WC="0.83" CC="62000"/>
						<SP ID="P54_SP00183" HPOS="798" VPOS="2061" WIDTH="16"/>
						<String ID="P54_ST00215" HPOS="814" VPOS="2017" WIDTH="112" HEIGHT="47" CONTENT="repose" WC="0.46" CC="638373"/>
						<SP ID="P54_SP00184" HPOS="926" VPOS="2064" WIDTH="17"/>
						<String ID="P54_ST00216" HPOS="943" VPOS="2018" WIDTH="40" HEIGHT="35" CONTENT="be" WC="0.83" CC="30"/>
						<SP ID="P54_SP00185" HPOS="983" VPOS="2064" WIDTH="20"/>
						<String ID="P54_ST00217" HPOS="1003" VPOS="2019" WIDTH="138" HEIGHT="37" CONTENT="known." WC="0.78" CC="232040"/>
					</TextLine>
				</TextBlock>
			</PrintSpace>
		</Page>
	</Layout>
</alto>
