<?xml version="1.0" encoding="UTF-8"?>
<alto xmlns:xsi="http://www.w3.org/2001/XMLSchema-instance" xsi:noNamespaceSchemaLocation="http://www.bl.uk/schemas/alto/alto-1-4.xsd" xmlns:xlink="http://www.w3.org/1999/xlink">
	<Description>
		<MeasurementUnit>mm10</MeasurementUnit>
		<sourceImageInformation>
			<fileName>//head1/IN/A0010219301/007798.jp2</fileName>
		</sourceImageInformation>
		<OCRProcessing ID="OCRPROCESSING_1">
			<preProcessingStep>
				<processingSoftware>
					<softwareCreator>CCS Content Conversion Specialists GmbH, Germany</softwareCreator>
					<softwareName>CCS docWORKS</softwareName>
					<softwareVersion>6.1-0.54</softwareVersion>
				</processingSoftware>
			</preProcessingStep>
			<ocrProcessingStep>
				<processingSoftware>
					<softwareCreator>ABBYY (BIT Software), Russia</softwareCreator>
					<softwareName>Finereader</softwareName>
				</processingSoftware>
			</ocrProcessingStep>
		</OCRProcessing>
	</Description>
	<Styles>
		<TextStyle ID="TXT_0" FONTSIZE="10" FONTFAMILY="Courier New"/>
		<ParagraphStyle ID="PAR_RIGHT" ALIGN="Right"/>
		<ParagraphStyle ID="PAR_CENTER" ALIGN="Center"/>
		<ParagraphStyle ID="PAR_LEFT" ALIGN="Left"/>
	</Styles>
	<Layout>
		<Page ID="P76" PHYSICAL_IMG_NR="76" HEIGHT="2267" WIDTH="1634" POSITION="Left" ACCURACY="68.07">
			<TopMargin ID="P76_TM00001" HPOS="0" VPOS="0" WIDTH="1634" HEIGHT="155"/>
			<LeftMargin ID="P76_LM00001" HPOS="0" VPOS="155" WIDTH="282" HEIGHT="1992">
				<TextBlock ID="P76_TB00001" HPOS="249" VPOS="171" WIDTH="33" HEIGHT="26" STYLEREFS="TXT_0 PAR_RIGHT">
					<TextLine ID="P76_TL00001" HPOS="252" VPOS="173" WIDTH="30" HEIGHT="19">
						<String ID="P76_ST00001" HPOS="252" VPOS="173" WIDTH="30" HEIGHT="19" CONTENT="-o" WC="0.35" CC="48"/>
					</TextLine>
				</TextBlock>
			</LeftMargin>
			<RightMargin ID="P76_RM00001" HPOS="1464" VPOS="155" WIDTH="170" HEIGHT="1992"/>
			<BottomMargin ID="P76_BM00001" HPOS="0" VPOS="2147" WIDTH="1634" HEIGHT="120"/>
			<PrintSpace ID="P76_PS00001" HPOS="280" VPOS="155" WIDTH="1184" HEIGHT="1992">
				<TextBlock ID="P76_TB00002" HPOS="647" VPOS="155" WIDTH="416" HEIGHT="32" STYLEREFS="TXT_0 PAR_CENTER">
					<TextLine ID="P76_TL00002" HPOS="648" VPOS="156" WIDTH="415" HEIGHT="31">
						<String ID="P76_ST00002" HPOS="648" VPOS="162" WIDTH="29" HEIGHT="25" CONTENT="T" WC="0.54" CC="4"/>
						<SP ID="P76_SP00001" HPOS="677" VPOS="187" WIDTH="33"/>
						<String ID="P76_ST00003" HPOS="710" VPOS="160" WIDTH="12" HEIGHT="27" CONTENT="I" WC="0.64" CC="3"/>
						<SP ID="P76_SP00002" HPOS="722" VPOS="187" WIDTH="34"/>
						<String ID="P76_ST00004" HPOS="756" VPOS="160" WIDTH="21" HEIGHT="27" CONTENT="B" WC="0.56" CC="4"/>
						<SP ID="P76_SP00003" HPOS="777" VPOS="187" WIDTH="33"/>
						<String ID="P76_ST00005" HPOS="810" VPOS="159" WIDTH="27" HEIGHT="27" CONTENT="U" WC="0.65" CC="3"/>
						<SP ID="P76_SP00004" HPOS="837" VPOS="187" WIDTH="31"/>
						<String ID="P76_ST00006" HPOS="868" VPOS="159" WIDTH="25" HEIGHT="27" CONTENT="L" WC="0.37" CC="6"/>
						<SP ID="P76_SP00005" HPOS="893" VPOS="187" WIDTH="32"/>
						<String ID="P76_ST00007" HPOS="925" VPOS="157" WIDTH="23" HEIGHT="28" CONTENT="L" WC="0.53" CC="4"/>
						<SP ID="P76_SP00006" HPOS="948" VPOS="187" WIDTH="32"/>
						<String ID="P76_ST00008" HPOS="980" VPOS="156" WIDTH="27" HEIGHT="28" CONTENT="U" WC="0.72" CC="2"/>
						<SP ID="P76_SP00007" HPOS="1007" VPOS="187" WIDTH="32"/>
						<String ID="P76_ST00009" HPOS="1039" VPOS="156" WIDTH="24" HEIGHT="28" CONTENT="S." WC="0.69" CC="60"/>
					</TextLine>
				</TextBlock>
				<TextBlock ID="P76_TB00003" HPOS="248" VPOS="237" WIDTH="900" HEIGHT="104" STYLEREFS="TXT_0 PAR_LEFT">
					<TextLine ID="P76_TL00003" HPOS="250" VPOS="237" WIDTH="898" HEIGHT="42">
						<String ID="P76_ST00010" HPOS="250" VPOS="251" WIDTH="23" HEIGHT="12" CONTENT='"' WC="0.33" CC="6"/>
						<SP ID="P76_SP00008" HPOS="273" VPOS="263" WIDTH="29"/>
						<String ID="P76_ST00011" HPOS="302" VPOS="244" WIDTH="166" HEIGHT="33" CONTENT="Whoever" WC="0.68" CC="0604704"/>
						<SP ID="P76_SP00009" HPOS="468" VPOS="277" WIDTH="14"/>
						<String ID="P76_ST00012" HPOS="482" VPOS="243" WIDTH="89" HEIGHT="32" CONTENT="beats" WC="0.43" CC="62874"/>
						<SP ID="P76_SP00010" HPOS="571" VPOS="277" WIDTH="18"/>
						<String ID="P76_ST00013" HPOS="589" VPOS="241" WIDTH="50" HEIGHT="33" CONTENT="his" WC="0.56" CC="760"/>
						<SP ID="P76_SP00011" HPOS="639" VPOS="277" WIDTH="19"/>
						<String ID="P76_ST00014" HPOS="658" VPOS="239" WIDTH="92" HEIGHT="40" CONTENT="wife," WC="0.74" CC="04503"/>
						<SP ID="P76_SP00012" HPOS="750" VPOS="279" WIDTH="27"/>
						<String ID="P76_ST00015" HPOS="777" VPOS="239" WIDTH="56" HEIGHT="33" CONTENT="the" WC="0.64" CC="046"/>
						<SP ID="P76_SP00013" HPOS="833" VPOS="279" WIDTH="18"/>
						<String ID="P76_ST00016" HPOS="851" VPOS="239" WIDTH="96" HEIGHT="33" CONTENT="brute" WC="1.00" CC="00000"/>
						<SP ID="P76_SP00014" HPOS="947" VPOS="279" WIDTH="15"/>
						<String ID="P76_ST00017" HPOS="962" VPOS="237" WIDTH="87" HEIGHT="34" CONTENT="must" WC="0.88" CC="4000"/>
						<SP ID="P76_SP00015" HPOS="1049" VPOS="279" WIDTH="23"/>
						<String ID="P76_ST00018" HPOS="1072" VPOS="247" WIDTH="76" HEIGHT="23" CONTENT="own" WC="0.54" CC="327"/>
					</TextLine>
					<TextLine ID="P76_TL00004" HPOS="248" VPOS="303" WIDTH="778" HEIGHT="38">
						<String ID="P76_ST00019" HPOS="248" VPOS="315" WIDTH="24" HEIGHT="13" CONTENT='"' WC="0.23" CC="7"/>
						<SP ID="P76_SP00016" HPOS="272" VPOS="328" WIDTH="27"/>
						<String ID="P76_ST00020" HPOS="299" VPOS="311" WIDTH="32" HEIGHT="30" CONTENT="A" WC="1.00" CC="0"/>
						<SP ID="P76_SP00017" HPOS="331" VPOS="341" WIDTH="16"/>
						<String ID="P76_ST00021" HPOS="347" VPOS="309" WIDTH="89" HEIGHT="32" CONTENT="heart" WC="0.60" CC="31373"/>
						<SP ID="P76_SP00018" HPOS="436" VPOS="341" WIDTH="18"/>
						<String ID="P76_ST00022" HPOS="454" VPOS="320" WIDTH="87" HEIGHT="21" CONTENT="more" WC="0.92" CC="3000"/>
						<SP ID="P76_SP00019" HPOS="541" VPOS="341" WIDTH="17"/>
						<String ID="P76_ST00023" HPOS="558" VPOS="306" WIDTH="81" HEIGHT="34" CONTENT="hard" WC="0.69" CC="0470"/>
						<SP ID="P76_SP00020" HPOS="639" VPOS="341" WIDTH="17"/>
						<String ID="P76_ST00024" HPOS="656" VPOS="306" WIDTH="78" HEIGHT="33" CONTENT="than" WC="0.53" CC="0585"/>
						<SP ID="P76_SP00021" HPOS="734" VPOS="341" WIDTH="16"/>
						<String ID="P76_ST00025" HPOS="750" VPOS="305" WIDTH="74" HEIGHT="33" CONTENT="iron" WC="0.92" CC="3000"/>
						<SP ID="P76_SP00022" HPOS="824" VPOS="341" WIDTH="15"/>
						<String ID="P76_ST00026" HPOS="839" VPOS="317" WIDTH="38" HEIGHT="21" CONTENT="or" WC="1.00" CC="00"/>
						<SP ID="P76_SP00023" HPOS="877" VPOS="341" WIDTH="15"/>
						<String ID="P76_ST00027" HPOS="892" VPOS="316" WIDTH="18" HEIGHT="20" CONTENT="a" WC="0.50" CC="4"/>
						<SP ID="P76_SP00024" HPOS="910" VPOS="341" WIDTH="16"/>
						<String ID="P76_ST00028" HPOS="926" VPOS="303" WIDTH="100" HEIGHT="35" CONTENT="stone." WC="1.00" CC="000000"/>
					</TextLine>
				</TextBlock>
				<TextBlock ID="P76_TB00004" HPOS="246" VPOS="369" WIDTH="702" HEIGHT="49" STYLEREFS="TXT_0 PAR_LEFT">
					<TextLine ID="P76_TL00005" HPOS="247" VPOS="370" WIDTH="701" HEIGHT="48">
						<String ID="P76_ST00029" HPOS="247" VPOS="382" WIDTH="22" HEIGHT="12" CONTENT='"' WC="0.35" CC="6"/>
						<SP ID="P76_SP00025" HPOS="269" VPOS="394" WIDTH="29"/>
						<String ID="P76_ST00030" HPOS="298" VPOS="376" WIDTH="53" HEIGHT="32" CONTENT="To" WC="0.48" CC="72"/>
						<SP ID="P76_SP00026" HPOS="351" VPOS="408" WIDTH="15"/>
						<String ID="P76_ST00031" HPOS="366" VPOS="373" WIDTH="80" HEIGHT="34" CONTENT="such" WC="0.73" CC="7003"/>
						<SP ID="P76_SP00027" HPOS="446" VPOS="408" WIDTH="16"/>
						<String ID="P76_ST00032" HPOS="462" VPOS="374" WIDTH="139" HEIGHT="44" CONTENT="impiety" WC="0.57" CC="5252067"/>
						<SP ID="P76_SP00028" HPOS="601" VPOS="418" WIDTH="16"/>
						<String ID="P76_ST00033" HPOS="617" VPOS="372" WIDTH="78" HEIGHT="34" CONTENT="who" WC="0.83" CC="013"/>
						<SP ID="P76_SP00029" HPOS="695" VPOS="418" WIDTH="18"/>
						<String ID="P76_ST00034" HPOS="713" VPOS="372" WIDTH="89" HEIGHT="33" CONTENT="dares" WC="0.91" CC="31000"/>
						<SP ID="P76_SP00030" HPOS="802" VPOS="418" WIDTH="19"/>
						<String ID="P76_ST00035" HPOS="821" VPOS="380" WIDTH="34" HEIGHT="25" CONTENT="to" WC="1.00" CC="00"/>
						<SP ID="P76_SP00031" HPOS="855" VPOS="418" WIDTH="20"/>
						<String ID="P76_ST00036" HPOS="875" VPOS="370" WIDTH="73" HEIGHT="41" CONTENT="rise," WC="0.78" CC="73000"/>
					</TextLine>
				</TextBlock>
				<TextBlock ID="P76_TB00005" HPOS="242" VPOS="435" WIDTH="1011" HEIGHT="117" STYLEREFS="TXT_0 PAR_LEFT">
					<TextLine ID="P76_TL00006" HPOS="245" VPOS="435" WIDTH="1008" HEIGHT="50">
						<String ID="P76_ST00037" HPOS="245" VPOS="446" WIDTH="23" HEIGHT="14" CONTENT='"' WC="0.45" CC="5"/>
						<SP ID="P76_SP00032" HPOS="268" VPOS="460" WIDTH="29"/>
						<String ID="P76_ST00038" HPOS="297" VPOS="438" WIDTH="73" HEIGHT="34" CONTENT="The" WC="0.65" CC="450"/>
						<SP ID="P76_SP00033" HPOS="370" VPOS="472" WIDTH="16"/>
						<String ID="P76_ST00039" HPOS="386" VPOS="440" WIDTH="82" HEIGHT="45" CONTENT="gods" WC="0.42" CC="0868"/>
						<SP ID="P76_SP00034" HPOS="468" VPOS="485" WIDTH="18"/>
						<String ID="P76_ST00040" HPOS="486" VPOS="439" WIDTH="197" HEIGHT="34" CONTENT="themselves" WC="0.83" CC="0608002000"/>
						<SP ID="P76_SP00035" HPOS="683" VPOS="485" WIDTH="17"/>
						<String ID="P76_ST00041" HPOS="700" VPOS="439" WIDTH="115" HEIGHT="33" CONTENT="would" WC="0.91" CC="00030"/>
						<SP ID="P76_SP00036" HPOS="815" VPOS="485" WIDTH="17"/>
						<String ID="P76_ST00042" HPOS="832" VPOS="438" WIDTH="128" HEIGHT="34" CONTENT="tumble" WC="0.67" CC="603820"/>
						<SP ID="P76_SP00037" HPOS="960" VPOS="485" WIDTH="17"/>
						<String ID="P76_ST00043" HPOS="977" VPOS="437" WIDTH="89" HEIGHT="34" CONTENT="from" WC="0.83" CC="5000"/>
						<SP ID="P76_SP00038" HPOS="1066" VPOS="485" WIDTH="17"/>
						<String ID="P76_ST00044" HPOS="1083" VPOS="436" WIDTH="54" HEIGHT="35" CONTENT="the" WC="0.78" CC="041"/>
						<SP ID="P76_SP00039" HPOS="1137" VPOS="485" WIDTH="21"/>
						<String ID="P76_ST00045" HPOS="1158" VPOS="435" WIDTH="95" HEIGHT="35" CONTENT="ikies." WC="0.45" CC="878800"/>
					</TextLine>
					<TextLine ID="P76_TL00007" HPOS="242" VPOS="507" WIDTH="777" HEIGHT="45">
						<String ID="P76_ST00046" HPOS="242" VPOS="513" WIDTH="21" HEIGHT="14" CONTENT='"' WC="0.74" CC="2"/>
						<SP ID="P76_SP00040" HPOS="263" VPOS="527" WIDTH="28"/>
						<String ID="P76_ST00047" HPOS="291" VPOS="507" WIDTH="61" HEIGHT="33" CONTENT="Let" WC="0.60" CC="308"/>
						<SP ID="P76_SP00041" HPOS="352" VPOS="540" WIDTH="12"/>
						<String ID="P76_ST00048" HPOS="364" VPOS="508" WIDTH="128" HEIGHT="44" CONTENT="jealous" WC="0.84" CC="0043030"/>
						<SP ID="P76_SP00042" HPOS="492" VPOS="552" WIDTH="16"/>
						<String ID="P76_ST00049" HPOS="508" VPOS="507" WIDTH="162" HEIGHT="34" CONTENT="husoands" WC="0.81" CC="60006000"/>
						<SP ID="P76_SP00043" HPOS="670" VPOS="552" WIDTH="17"/>
						<String ID="P76_ST00050" HPOS="687" VPOS="508" WIDTH="41" HEIGHT="32" CONTENT="be" WC="0.95" CC="10"/>
						<SP ID="P76_SP00044" HPOS="728" VPOS="552" WIDTH="22"/>
						<String ID="P76_ST00051" HPOS="750" VPOS="515" WIDTH="133" HEIGHT="24" CONTENT="content" WC="0.60" CC="0067058"/>
						<SP ID="P76_SP00045" HPOS="883" VPOS="552" WIDTH="17"/>
						<String ID="P76_ST00052" HPOS="900" VPOS="514" WIDTH="34" HEIGHT="24" CONTENT="to" WC="0.85" CC="20"/>
						<SP ID="P76_SP00046" HPOS="934" VPOS="552" WIDTH="17"/>
						<String ID="P76_ST00053" HPOS="951" VPOS="514" WIDTH="68" HEIGHT="25" CONTENT="tear" WC="0.81" CC="0070"/>
					</TextLine>
				</TextBlock>
				<TextBlock ID="P76_TB00006" HPOS="234" VPOS="571" WIDTH="941" HEIGHT="445" STYLEREFS="TXT_0 PAR_LEFT">
					<TextLine ID="P76_TL00008" HPOS="239" VPOS="571" WIDTH="801" HEIGHT="47">
						<String ID="P76_ST00054" HPOS="239" VPOS="579" WIDTH="25" HEIGHT="14" CONTENT="*'" WC="0.29" CC="67"/>
						<SP ID="P76_SP00047" HPOS="264" VPOS="593" WIDTH="25"/>
						<String ID="P76_ST00055" HPOS="289" VPOS="574" WIDTH="32" HEIGHT="33" CONTENT="A" WC="0.95" CC="0"/>
						<SP ID="P76_SP00048" HPOS="321" VPOS="607" WIDTH="15"/>
						<String ID="P76_ST00056" HPOS="336" VPOS="573" WIDTH="251" HEIGHT="40" CONTENT="handkerchief," WC="0.71" CC="7510000065027"/>
						<SP ID="P76_SP00049" HPOS="587" VPOS="613" WIDTH="26"/>
						<String ID="P76_ST00057" HPOS="613" VPOS="587" WIDTH="37" HEIGHT="20" CONTENT="or" WC="1.00" CC="00"/>
						<SP ID="P76_SP00050" HPOS="650" VPOS="613" WIDTH="17"/>
						<String ID="P76_ST00058" HPOS="667" VPOS="572" WIDTH="202" HEIGHT="46" CONTENT="discompose" WC="0.74" CC="6360024010"/>
						<SP ID="P76_SP00051" HPOS="869" VPOS="618" WIDTH="16"/>
						<String ID="P76_ST00059" HPOS="885" VPOS="572" WIDTH="56" HEIGHT="33" CONTENT="the" WC="0.84" CC="040"/>
						<SP ID="P76_SP00052" HPOS="941" VPOS="618" WIDTH="16"/>
						<String ID="P76_ST00060" HPOS="957" VPOS="571" WIDTH="83" HEIGHT="35" CONTENT="hair." WC="0.56" CC="56702"/>
					</TextLine>
					<TextLine ID="P76_TL00009" HPOS="241" VPOS="638" WIDTH="874" HEIGHT="48">
						<String ID="P76_ST00061" HPOS="241" VPOS="644" WIDTH="22" HEIGHT="15" CONTENT='"' WC="0.37" CC="6"/>
						<SP ID="P76_SP00053" HPOS="263" VPOS="659" WIDTH="26"/>
						<String ID="P76_ST00062" HPOS="289" VPOS="639" WIDTH="99" HEIGHT="33" CONTENT="Some" WC="0.92" CC="1010"/>
						<SP ID="P76_SP00054" HPOS="388" VPOS="672" WIDTH="17"/>
						<String ID="P76_ST00063" HPOS="405" VPOS="648" WIDTH="80" HEIGHT="25" CONTENT="tears" WC="0.74" CC="04530"/>
						<SP ID="P76_SP00055" HPOS="485" VPOS="673" WIDTH="21"/>
						<String ID="P76_ST00064" HPOS="506" VPOS="652" WIDTH="77" HEIGHT="34" CONTENT="may" WC="0.66" CC="063"/>
						<SP ID="P76_SP00056" HPOS="583" VPOS="686" WIDTH="18"/>
						<String ID="P76_ST00065" HPOS="601" VPOS="639" WIDTH="74" HEIGHT="33" CONTENT="well" WC="0.80" CC="0034"/>
						<SP ID="P76_SP00057" HPOS="675" VPOS="686" WIDTH="18"/>
						<String ID="P76_ST00066" HPOS="693" VPOS="639" WIDTH="131" HEIGHT="37" CONTENT="suffice;" WC="0.63" CC="46055008"/>
						<SP ID="P76_SP00058" HPOS="824" VPOS="686" WIDTH="28"/>
						<String ID="P76_ST00067" HPOS="852" VPOS="639" WIDTH="64" HEIGHT="32" CONTENT="and" WC="0.82" CC="130"/>
						<SP ID="P76_SP00059" HPOS="916" VPOS="686" WIDTH="14"/>
						<String ID="P76_ST00068" HPOS="930" VPOS="638" WIDTH="113" HEIGHT="47" CONTENT="happy" WC="0.49" CC="37535"/>
						<SP ID="P76_SP00060" HPOS="1043" VPOS="686" WIDTH="16"/>
						<String ID="P76_ST00069" HPOS="1059" VPOS="638" WIDTH="56" HEIGHT="39" CONTENT="he," WC="0.41" CC="367"/>
					</TextLine>
					<TextLine ID="P76_TL00010" HPOS="240" VPOS="704" WIDTH="890" HEIGHT="49">
						<String ID="P76_ST00070" HPOS="240" VPOS="709" WIDTH="23" HEIGHT="16" CONTENT='"' WC="0.29" CC="7"/>
						<SP ID="P76_SP00061" HPOS="263" VPOS="725" WIDTH="27"/>
						<String ID="P76_ST00071" HPOS="290" VPOS="704" WIDTH="124" HEIGHT="34" CONTENT="Whose" WC="0.84" CC="00420"/>
						<SP ID="P76_SP00062" HPOS="414" VPOS="738" WIDTH="16"/>
						<String ID="P76_ST00072" HPOS="430" VPOS="705" WIDTH="112" HEIGHT="47" CONTENT="spouse" WC="0.60" CC="660054"/>
						<SP ID="P76_SP00063" HPOS="542" VPOS="752" WIDTH="20"/>
						<String ID="P76_ST00073" HPOS="562" VPOS="715" WIDTH="33" HEIGHT="24" CONTENT="to" WC="0.62" CC="70"/>
						<SP ID="P76_SP00064" HPOS="595" VPOS="752" WIDTH="17"/>
						<String ID="P76_ST00074" HPOS="612" VPOS="719" WIDTH="92" HEIGHT="34" CONTENT="weep" WC="0.82" CC="0016"/>
						<SP ID="P76_SP00065" HPOS="704" VPOS="753" WIDTH="17"/>
						<String ID="P76_ST00075" HPOS="721" VPOS="707" WIDTH="69" HEIGHT="33" CONTENT="will" WC="0.62" CC="0482"/>
						<SP ID="P76_SP00066" HPOS="790" VPOS="753" WIDTH="20"/>
						<String ID="P76_ST00076" HPOS="810" VPOS="706" WIDTH="33" HEIGHT="33" CONTENT="so" WC="0.52" CC="63"/>
						<SP ID="P76_SP00067" HPOS="843" VPOS="753" WIDTH="22"/>
						<String ID="P76_ST00077" HPOS="865" VPOS="705" WIDTH="187" HEIGHT="34" CONTENT="submissive" WC="0.87" CC="4002140000"/>
						<SP ID="P76_SP00068" HPOS="1052" VPOS="753" WIDTH="16"/>
						<String ID="P76_ST00078" HPOS="1068" VPOS="705" WIDTH="41" HEIGHT="32" CONTENT="be" WC="1.00" CC="00"/>
						<SP ID="P76_SP00069" HPOS="1109" VPOS="753" WIDTH="14"/>
						<String ID="P76_ST00079" HPOS="1123" VPOS="708" WIDTH="7" HEIGHT="29" CONTENT="!" WC="1.00" CC="0"/>
					</TextLine>
					<TextLine ID="P76_TL00011" HPOS="237" VPOS="771" WIDTH="938" HEIGHT="48">
						<String ID="P76_ST00080" HPOS="237" VPOS="777" WIDTH="24" HEIGHT="16" CONTENT="*'" WC="0.32" CC="67"/>
						<SP ID="P76_SP00070" HPOS="261" VPOS="793" WIDTH="29"/>
						<String ID="P76_ST00081" HPOS="290" VPOS="772" WIDTH="64" HEIGHT="33" CONTENT="But" WC="0.93" CC="200"/>
						<SP ID="P76_SP00071" HPOS="354" VPOS="805" WIDTH="17"/>
						<String ID="P76_ST00082" HPOS="371" VPOS="771" WIDTH="41" HEIGHT="34" CONTENT="he" WC="0.68" CC="60"/>
						<SP ID="P76_SP00072" HPOS="412" VPOS="805" WIDTH="18"/>
						<String ID="P76_ST00083" HPOS="430" VPOS="773" WIDTH="81" HEIGHT="33" CONTENT="who" WC="0.67" CC="063"/>
						<SP ID="P76_SP00073" HPOS="511" VPOS="806" WIDTH="17"/>
						<String ID="P76_ST00084" HPOS="528" VPOS="773" WIDTH="87" HEIGHT="34" CONTENT="deals" WC="0.72" CC="00670"/>
						<SP ID="P76_SP00074" HPOS="615" VPOS="807" WIDTH="18"/>
						<String ID="P76_ST00085" HPOS="633" VPOS="774" WIDTH="34" HEIGHT="32" CONTENT="in" WC="1.00" CC="00"/>
						<SP ID="P76_SP00075" HPOS="667" VPOS="807" WIDTH="16"/>
						<String ID="P76_ST00086" HPOS="683" VPOS="774" WIDTH="120" HEIGHT="37" CONTENT="blows," WC="0.57" CC="880017"/>
						<SP ID="P76_SP00076" HPOS="803" VPOS="811" WIDTH="25"/>
						<String ID="P76_ST00087" HPOS="828" VPOS="772" WIDTH="82" HEIGHT="47" CONTENT="why" WC="0.66" CC="054"/>
						<SP ID="P76_SP00077" HPOS="910" VPOS="819" WIDTH="16"/>
						<String ID="P76_ST00088" HPOS="926" VPOS="773" WIDTH="44" HEIGHT="33" CONTENT="let" WC="0.55" CC="606"/>
						<SP ID="P76_SP00078" HPOS="970" VPOS="819" WIDTH="17"/>
						<String ID="P76_ST00089" HPOS="987" VPOS="772" WIDTH="73" HEIGHT="33" CONTENT="him" WC="0.44" CC="555"/>
						<SP ID="P76_SP00079" HPOS="1060" VPOS="819" WIDTH="18"/>
						<String ID="P76_ST00090" HPOS="1078" VPOS="771" WIDTH="97" HEIGHT="34" CONTENT="wield" WC="0.56" CC="05257"/>
					</TextLine>
					<TextLine ID="P76_TL00012" HPOS="236" VPOS="838" WIDTH="803" HEIGHT="48">
						<String ID="P76_ST00091" HPOS="236" VPOS="844" WIDTH="23" HEIGHT="14" CONTENT='"' WC="0.31" CC="6"/>
						<SP ID="P76_SP00080" HPOS="259" VPOS="858" WIDTH="28"/>
						<String ID="P76_ST00092" HPOS="287" VPOS="839" WIDTH="32" HEIGHT="32" CONTENT="A" WC="1.00" CC="0"/>
						<SP ID="P76_SP00081" HPOS="319" VPOS="871" WIDTH="17"/>
						<String ID="P76_ST00093" HPOS="336" VPOS="838" WIDTH="156" HEIGHT="39" CONTENT="falchion," WC="0.62" CC="347055007"/>
						<SP ID="P76_SP00082" HPOS="492" VPOS="877" WIDTH="26"/>
						<String ID="P76_ST00094" HPOS="518" VPOS="840" WIDTH="63" HEIGHT="32" CONTENT="and" WC="0.58" CC="641"/>
						<SP ID="P76_SP00083" HPOS="581" VPOS="877" WIDTH="15"/>
						<String ID="P76_ST00095" HPOS="596" VPOS="840" WIDTH="134" HEIGHT="46" CONTENT="support" WC="0.83" CC="1054000"/>
						<SP ID="P76_SP00084" HPOS="730" VPOS="886" WIDTH="17"/>
						<String ID="P76_ST00096" HPOS="747" VPOS="853" WIDTH="18" HEIGHT="20" CONTENT="a" WC="0.76" CC="2"/>
						<SP ID="P76_SP00085" HPOS="765" VPOS="886" WIDTH="17"/>
						<String ID="P76_ST00097" HPOS="782" VPOS="852" WIDTH="123" HEIGHT="33" CONTENT="moony" WC="0.77" CC="00226"/>
						<SP ID="P76_SP00086" HPOS="905" VPOS="886" WIDTH="18"/>
						<String ID="P76_ST00098" HPOS="923" VPOS="839" WIDTH="116" HEIGHT="34" CONTENT="shield." WC="0.57" CC="7850440"/>
					</TextLine>
					<TextLine ID="P76_TL00013" HPOS="236" VPOS="904" WIDTH="892" HEIGHT="48">
						<String ID="P76_ST00099" HPOS="236" VPOS="910" WIDTH="25" HEIGHT="14" CONTENT='"' WC="0.38" CC="6"/>
						<SP ID="P76_SP00087" HPOS="261" VPOS="924" WIDTH="27"/>
						<String ID="P76_ST00100" HPOS="288" VPOS="905" WIDTH="75" HEIGHT="33" CONTENT="Fair" WC="0.42" CC="3675"/>
						<SP ID="P76_SP00088" HPOS="363" VPOS="938" WIDTH="16"/>
						<String ID="P76_ST00101" HPOS="379" VPOS="904" WIDTH="117" HEIGHT="34" CONTENT="female" WC="0.60" CC="580540"/>
						<SP ID="P76_SP00089" HPOS="496" VPOS="938" WIDTH="17"/>
						<String ID="P76_ST00102" HPOS="513" VPOS="906" WIDTH="103" HEIGHT="33" CONTENT="forms" WC="0.82" CC="30400"/>
						<SP ID="P76_SP00090" HPOS="616" VPOS="939" WIDTH="18"/>
						<String ID="P76_ST00103" HPOS="634" VPOS="907" WIDTH="43" HEIGHT="31" CONTENT="let" WC="0.80" CC="500"/>
						<SP ID="P76_SP00091" HPOS="677" VPOS="939" WIDTH="16"/>
						<String ID="P76_ST00104" HPOS="693" VPOS="914" WIDTH="57" HEIGHT="25" CONTENT="not" WC="0.75" CC="502"/>
						<SP ID="P76_SP00092" HPOS="750" VPOS="939" WIDTH="18"/>
						<String ID="P76_ST00105" HPOS="768" VPOS="906" WIDTH="50" HEIGHT="33" CONTENT="his" WC="0.64" CC="640"/>
						<SP ID="P76_SP00093" HPOS="818" VPOS="939" WIDTH="21"/>
						<String ID="P76_ST00106" HPOS="839" VPOS="906" WIDTH="104" HEIGHT="33" CONTENT="hands" WC="0.63" CC="66050"/>
						<SP ID="P76_SP00094" HPOS="943" VPOS="939" WIDTH="22"/>
						<String ID="P76_ST00107" HPOS="965" VPOS="905" WIDTH="138" HEIGHT="47" CONTENT="profane" WC="0.79" CC="7013200"/>
						<SP ID="P76_SP00095" HPOS="1103" VPOS="952" WIDTH="13"/>
						<String ID="P76_ST00108" HPOS="1116" VPOS="922" WIDTH="12" HEIGHT="22" CONTENT=";" WC="0.15" CC="8"/>
					</TextLine>
					<TextLine ID="P76_TL00014" HPOS="234" VPOS="971" WIDTH="886" HEIGHT="45">
						<String ID="P76_ST00109" HPOS="234" VPOS="976" WIDTH="23" HEIGHT="15" CONTENT='"' WC="0.38" CC="6"/>
						<SP ID="P76_SP00096" HPOS="257" VPOS="991" WIDTH="26"/>
						<String ID="P76_ST00110" HPOS="283" VPOS="971" WIDTH="112" HEIGHT="33" CONTENT="Venus" WC="0.87" CC="40100"/>
						<SP ID="P76_SP00097" HPOS="395" VPOS="1004" WIDTH="18"/>
						<String ID="P76_ST00111" HPOS="413" VPOS="971" WIDTH="84" HEIGHT="33" CONTENT="their" WC="0.79" CC="32040"/>
						<SP ID="P76_SP00098" HPOS="497" VPOS="1004" WIDTH="16"/>
						<String ID="P76_ST00112" HPOS="513" VPOS="985" WIDTH="121" HEIGHT="31" CONTENT="queen," WC="0.75" CC="610006"/>
						<SP ID="P76_SP00099" HPOS="634" VPOS="1016" WIDTH="22"/>
						<String ID="P76_ST00113" HPOS="656" VPOS="972" WIDTH="67" HEIGHT="32" CONTENT="and" WC="0.71" CC="800"/>
						<SP ID="P76_SP00100" HPOS="723" VPOS="1016" WIDTH="16"/>
						<String ID="P76_ST00114" HPOS="739" VPOS="973" WIDTH="109" HEIGHT="43" CONTENT="gentle" WC="0.76" CC="300440"/>
						<SP ID="P76_SP00101" HPOS="848" VPOS="1016" WIDTH="18"/>
						<String ID="P76_ST00115" HPOS="866" VPOS="973" WIDTH="26" HEIGHT="32" CONTENT="is" WC="0.68" CC="60"/>
						<SP ID="P76_SP00102" HPOS="892" VPOS="1016" WIDTH="18"/>
						<String ID="P76_ST00116" HPOS="910" VPOS="973" WIDTH="58" HEIGHT="32" CONTENT="her" WC="0.98" CC="000"/>
						<SP ID="P76_SP00103" HPOS="968" VPOS="1016" WIDTH="17"/>
						<String ID="P76_ST00117" HPOS="985" VPOS="972" WIDTH="135" HEIGHT="44" CONTENT='reign."' WC="0.70" CC="0062407"/>
					</TextLine>
				</TextBlock>
				<TextBlock ID="P76_TB00007" HPOS="229" VPOS="1036" WIDTH="999" HEIGHT="245" STYLEREFS="TXT_0 PAR_LEFT">
					<TextLine ID="P76_TL00015" HPOS="278" VPOS="1036" WIDTH="950" HEIGHT="47">
						<String ID="P76_ST00118" HPOS="278" VPOS="1036" WIDTH="198" HEIGHT="46" CONTENT="Auspicious" WC="0.80" CC="2062306000"/>
						<SP ID="P76_SP00104" HPOS="476" VPOS="1082" WIDTH="18"/>
						<String ID="P76_ST00119" HPOS="494" VPOS="1040" WIDTH="116" HEIGHT="43" CONTENT="peace!" WC="0.55" CC="606580"/>
						<SP ID="P76_SP00105" HPOS="610" VPOS="1083" WIDTH="29"/>
						<String ID="P76_ST00120" HPOS="639" VPOS="1037" WIDTH="83" HEIGHT="33" CONTENT="with" WC="0.57" CC="2616"/>
						<SP ID="P76_SP00106" HPOS="722" VPOS="1083" WIDTH="18"/>
						<String ID="P76_ST00121" HPOS="740" VPOS="1037" WIDTH="151" HEIGHT="33" CONTENT="wheaten" WC="0.74" CC="0702700"/>
						<SP ID="P76_SP00107" HPOS="891" VPOS="1083" WIDTH="23"/>
						<String ID="P76_ST00122" HPOS="914" VPOS="1039" WIDTH="136" HEIGHT="44" CONTENT="garland" WC="0.58" CC="2703626"/>
						<SP ID="P76_SP00108" HPOS="1050" VPOS="1083" WIDTH="21"/>
						<String ID="P76_ST00123" HPOS="1071" VPOS="1039" WIDTH="157" HEIGHT="36" CONTENT="crown'd," WC="0.68" CC="00006774"/>
					</TextLine>
					<TextLine ID="P76_TL00016" HPOS="231" VPOS="1101" WIDTH="769" HEIGHT="40">
						<String ID="P76_ST00124" HPOS="231" VPOS="1101" WIDTH="96" HEIGHT="34" CONTENT="Exile" WC="0.79" CC="40040"/>
						<SP ID="P76_SP00109" HPOS="327" VPOS="1135" WIDTH="16"/>
						<String ID="P76_ST00125" HPOS="343" VPOS="1105" WIDTH="203" HEIGHT="36" CONTENT="contention," WC="0.79" CC="10121232007"/>
						<SP ID="P76_SP00110" HPOS="546" VPOS="1141" WIDTH="26"/>
						<String ID="P76_ST00126" HPOS="572" VPOS="1104" WIDTH="63" HEIGHT="33" CONTENT="and" WC="0.86" CC="400"/>
						<SP ID="P76_SP00111" HPOS="635" VPOS="1141" WIDTH="17"/>
						<String ID="P76_ST00127" HPOS="652" VPOS="1112" WIDTH="88" HEIGHT="26" CONTENT="avert" WC="0.60" CC="45017"/>
						<SP ID="P76_SP00112" HPOS="740" VPOS="1141" WIDTH="17"/>
						<String ID="P76_ST00128" HPOS="757" VPOS="1104" WIDTH="80" HEIGHT="33" CONTENT="each" WC="0.76" CC="0603"/>
						<SP ID="P76_SP00113" HPOS="837" VPOS="1141" WIDTH="16"/>
						<String ID="P76_ST00129" HPOS="853" VPOS="1106" WIDTH="125" HEIGHT="32" CONTENT="wound" WC="0.94" CC="00020"/>
						<SP ID="P76_SP00114" HPOS="978" VPOS="1141" WIDTH="16"/>
						<String ID="P76_ST00130" HPOS="994" VPOS="1108" WIDTH="6" HEIGHT="31" CONTENT="!" WC="0.96" CC="0"/>
					</TextLine>
					<TextLine ID="P76_TL00017" HPOS="230" VPOS="1167" WIDTH="818" HEIGHT="49">
						<String ID="P76_ST00131" HPOS="230" VPOS="1167" WIDTH="115" HEIGHT="34" CONTENT="While" WC="0.55" CC="86160"/>
						<SP ID="P76_SP00115" HPOS="345" VPOS="1201" WIDTH="17"/>
						<String ID="P76_ST00132" HPOS="362" VPOS="1169" WIDTH="27" HEIGHT="38" CONTENT="I," WC="1.00" CC="00"/>
						<SP ID="P76_SP00116" HPOS="389" VPOS="1207" WIDTH="27"/>
						<String ID="P76_ST00133" HPOS="416" VPOS="1169" WIDTH="59" HEIGHT="46" CONTENT="thy" WC="0.67" CC="044"/>
						<SP ID="P76_SP00117" HPOS="475" VPOS="1215" WIDTH="16"/>
						<String ID="P76_ST00134" HPOS="491" VPOS="1178" WIDTH="89" HEIGHT="37" CONTENT="poet," WC="0.63" CC="50056"/>
						<SP ID="P76_SP00118" HPOS="580" VPOS="1215" WIDTH="27"/>
						<String ID="P76_ST00135" HPOS="607" VPOS="1169" WIDTH="60" HEIGHT="47" CONTENT="thy" WC="0.67" CC="045"/>
						<SP ID="P76_SP00119" HPOS="667" VPOS="1216" WIDTH="18"/>
						<String ID="P76_ST00136" HPOS="685" VPOS="1170" WIDTH="82" HEIGHT="33" CONTENT="mild" WC="0.65" CC="3360"/>
						<SP ID="P76_SP00120" HPOS="767" VPOS="1216" WIDTH="18"/>
						<String ID="P76_ST00137" HPOS="785" VPOS="1171" WIDTH="163" HEIGHT="34" CONTENT="influence" WC="0.85" CC="150000320"/>
						<SP ID="P76_SP00121" HPOS="948" VPOS="1216" WIDTH="17"/>
						<String ID="P76_ST00138" HPOS="965" VPOS="1171" WIDTH="83" HEIGHT="45" CONTENT="sing," WC="0.74" CC="00084"/>
					</TextLine>
					<TextLine ID="P76_TL00018" HPOS="231" VPOS="1235" WIDTH="865" HEIGHT="46">
						<String ID="P76_ST00139" HPOS="231" VPOS="1235" WIDTH="102" HEIGHT="46" CONTENT="Bring" WC="0.66" CC="77001"/>
						<SP ID="P76_SP00122" HPOS="333" VPOS="1281" WIDTH="15"/>
						<String ID="P76_ST00140" HPOS="348" VPOS="1236" WIDTH="155" HEIGHT="45" CONTENT="blushing" WC="0.70" CC="02278002"/>
						<SP ID="P76_SP00123" HPOS="503" VPOS="1281" WIDTH="18"/>
						<String ID="P76_ST00141" HPOS="521" VPOS="1235" WIDTH="108" HEIGHT="40" CONTENT="fruits," WC="0.55" CC="4473505"/>
						<SP ID="P76_SP00124" HPOS="629" VPOS="1281" WIDTH="28"/>
						<String ID="P76_ST00142" HPOS="657" VPOS="1235" WIDTH="174" HEIGHT="46" CONTENT="delightful" WC="0.66" CC="0250057444"/>
						<SP ID="P76_SP00125" HPOS="831" VPOS="1281" WIDTH="17"/>
						<String ID="P76_ST00143" HPOS="848" VPOS="1237" WIDTH="114" HEIGHT="44" CONTENT="plenty" WC="0.58" CC="740345"/>
						<SP ID="P76_SP00126" HPOS="962" VPOS="1281" WIDTH="17"/>
						<String ID="P76_ST00144" HPOS="979" VPOS="1237" WIDTH="97" HEIGHT="44" CONTENT="bring" WC="0.61" CC="00557"/>
						<SP ID="P76_SP00127" HPOS="1076" VPOS="1281" WIDTH="14"/>
						<String ID="P76_ST00145" HPOS="1090" VPOS="1240" WIDTH="6" HEIGHT="30" CONTENT="!" WC="0.75" CC="2"/>
					</TextLine>
				</TextBlock>
				<TextBlock ID="P76_TB00008" HPOS="1230" VPOS="1943" WIDTH="33" HEIGHT="33" STYLEREFS="TXT_0 PAR_RIGHT">
					<TextLine ID="P76_TL00019" HPOS="1232" VPOS="1945" WIDTH="31" HEIGHT="31">
						<String ID="P76_ST00146" HPOS="1232" VPOS="1945" WIDTH="31" HEIGHT="31" CONTENT="A" WC="0.30" CC="6"/>
					</TextLine>
				</TextBlock>
				<TextBlock ID="P76_TB00009" HPOS="1304" VPOS="1944" WIDTH="116" HEIGHT="33" STYLEREFS="TXT_0 PAR_RIGHT">
					<TextLine ID="P76_TL00020" HPOS="1305" VPOS="1945" WIDTH="115" HEIGHT="32">
						<String ID="P76_ST00147" HPOS="1305" VPOS="1945" WIDTH="115" HEIGHT="32" CONTENT="SAP" WC="0.61" CC="055"/>
					</TextLine>
				</TextBlock>
			</PrintSpace>
		</Page>
	</Layout>
</alto>
